﻿<saved-ma-configuration server="LitwareSync" export-date="2015-08-28 21:46:41.638">
    <!--WARNING>
!!!!!!!!!!!!!!!!!!!!!!!!!!!!!!!!!!!!!!!!!!!!!!!!!!!!!!!!!!!!!!!!!!!
!!
!! The contents of this file should not be edited.
!! Any such modifications to this file may result in errors during import.
!!
!!!!!!!!!!!!!!!!!!!!!!!!!!!!!!!!!!!!!!!!!!!!!!!!!!!!!!!!!!!!!!!!!!!
</WARNING-->
    <ma-data>
        <format-version>1</format-version>
        <id>{E61541A3-2869-44B8-9E32-32C746EAB16F}</id>
        <name>SPMA</name>
        <category>Extensible2</category>
        <subtype>SharePoint Profile Store</subtype>
        <ma-listname>SharePoint Profile Store</ma-listname>
        <ma-companyname>Microsoft</ma-companyname>
        <creation-time>2015-08-21 17:20:47.197</creation-time>
        <last-modification-time>2015-08-28 21:25:54.250</last-modification-time>
        <version>3</version>
        <internal-version>1</internal-version>
        <password-sync-allowed>0</password-sync-allowed>
        <schema>
            <dsml:dsml xmlns:ms-dsml="http://www.microsoft.com/MMS/DSML" xmlns:dsml="http://www.dsml.org/DSML">
                <dsml:directory-schema ms-dsml:no-objectclass-validation="true">
                    <dsml:class id="group" type="structural" ms-dsml:locked="1">
                        <dsml:name>group</dsml:name>
                        <dsml:attribute ref="#ProfileIdentifier" required="false" ms-dsml:isAnchor="false" ms-dsml:allowedOperation="ExportOnly" />
                        <dsml:attribute ref="#SID" required="false" ms-dsml:isAnchor="false" ms-dsml:allowedOperation="ExportOnly" />
                        <dsml:attribute ref="#SourceReference" required="false" ms-dsml:isAnchor="false" ms-dsml:allowedOperation="ImportOnly" />
                        <dsml:attribute ref="#GroupType" required="false" ms-dsml:isAnchor="false" ms-dsml:allowedOperation="ExportOnly" />
                        <dsml:attribute ref="#PreferredName" required="false" ms-dsml:isAnchor="false" ms-dsml:allowedOperation="ExportOnly" />
                        <dsml:attribute ref="#Description" required="false" ms-dsml:isAnchor="false" ms-dsml:allowedOperation="ExportOnly" />
                        <dsml:attribute ref="#Url" required="false" ms-dsml:isAnchor="false" ms-dsml:allowedOperation="ExportOnly" />
                        <dsml:attribute ref="#MailNickName" required="false" ms-dsml:isAnchor="false" ms-dsml:allowedOperation="ExportOnly" />
                        <dsml:attribute ref="#domain" required="false" ms-dsml:isAnchor="false" ms-dsml:allowedOperation="ImportOnly" />
                        <dsml:attribute ref="#Member" required="false" ms-dsml:isAnchor="false" ms-dsml:allowedOperation="ExportOnly" />
                        <dsml:attribute ref="#Anchor" required="true" ms-dsml:isAnchor="true" />
                        <dsml:attribute ref="#export_password" required="false" />
                    </dsml:class>
                    <dsml:class id="contact" type="structural" ms-dsml:locked="1">
                        <dsml:name>contact</dsml:name>
                        <dsml:attribute ref="#ProfileIdentifier" required="false" ms-dsml:isAnchor="false" ms-dsml:allowedOperation="ExportOnly" />
                        <dsml:attribute ref="#SPS-DistinguishedName" required="false" ms-dsml:isAnchor="false" ms-dsml:allowedOperation="ExportOnly" />
                        <dsml:attribute ref="#SPS-SourceObjectDN" required="false" ms-dsml:isAnchor="false" ms-dsml:allowedOperation="ExportOnly" />
                        <dsml:attribute ref="#PreferredName" required="false" ms-dsml:isAnchor="false" ms-dsml:allowedOperation="ExportOnly" />
                        <dsml:attribute ref="#UserName_Contact" required="false" ms-dsml:isAnchor="false" ms-dsml:allowedOperation="ImportOnly" />
                        <dsml:attribute ref="#domain" required="false" ms-dsml:isAnchor="false" ms-dsml:allowedOperation="ImportOnly" />
                        <dsml:attribute ref="#Anchor" required="true" ms-dsml:isAnchor="true" />
                        <dsml:attribute ref="#export_password" required="false" />
                    </dsml:class>
                    <dsml:class id="user" type="structural" ms-dsml:locked="1">
                        <dsml:name>user</dsml:name>
                        <dsml:attribute ref="#ProfileIdentifier" required="false" ms-dsml:isAnchor="false" ms-dsml:allowedOperation="ExportOnly" />
                        <dsml:attribute ref="#SID" required="false" ms-dsml:isAnchor="false" ms-dsml:allowedOperation="ExportOnly" />
                        <dsml:attribute ref="#domain" required="false" ms-dsml:isAnchor="false" ms-dsml:allowedOperation="ImportOnly" />
                        <dsml:attribute ref="#UserProfile_GUID" required="false" ms-dsml:isAnchor="false" />
                        <dsml:attribute ref="#AccountName" required="false" ms-dsml:isAnchor="false" ms-dsml:allowedOperation="ImportOnly" />
                        <dsml:attribute ref="#FirstName" required="false" ms-dsml:isAnchor="false" />
                        <dsml:attribute ref="#SPS-PhoneticFirstName" required="false" ms-dsml:isAnchor="false" />
                        <dsml:attribute ref="#LastName" required="false" ms-dsml:isAnchor="false" />
                        <dsml:attribute ref="#SPS-PhoneticLastName" required="false" ms-dsml:isAnchor="false" />
                        <dsml:attribute ref="#PreferredName" required="false" ms-dsml:isAnchor="false" ms-dsml:allowedOperation="ExportOnly" />
                        <dsml:attribute ref="#SPS-PhoneticDisplayName" required="false" ms-dsml:isAnchor="false" />
                        <dsml:attribute ref="#WorkPhone" required="false" ms-dsml:isAnchor="false" />
                        <dsml:attribute ref="#Department" required="false" ms-dsml:isAnchor="false" />
                        <dsml:attribute ref="#Title" required="false" ms-dsml:isAnchor="false" />
                        <dsml:attribute ref="#SPS-Department" required="false" ms-dsml:isAnchor="false" ms-dsml:allowedOperation="ExportOnly" />
                        <dsml:attribute ref="#Manager" required="false" ms-dsml:isAnchor="false" />
                        <dsml:attribute ref="#AboutMe" required="false" ms-dsml:isAnchor="false" />
                        <dsml:attribute ref="#PersonalSpace" required="false" ms-dsml:isAnchor="false" />
                        <dsml:attribute ref="#Picture" required="false" ms-dsml:isAnchor="false" ms-dsml:allowedOperation="ExportOnly" />
                        <dsml:attribute ref="#UserName" required="false" ms-dsml:isAnchor="false" />
                        <dsml:attribute ref="#QuickLinks" required="false" ms-dsml:isAnchor="false" />
                        <dsml:attribute ref="#WebSite" required="false" ms-dsml:isAnchor="false" />
                        <dsml:attribute ref="#PublicSiteRedirect" required="false" ms-dsml:isAnchor="false" />
                        <dsml:attribute ref="#SPS-JobTitle" required="false" ms-dsml:isAnchor="false" ms-dsml:allowedOperation="ExportOnly" />
                        <dsml:attribute ref="#SPS-DataSource" required="false" ms-dsml:isAnchor="false" />
                        <dsml:attribute ref="#SPS-MemberOf" required="false" ms-dsml:isAnchor="false" />
                        <dsml:attribute ref="#SPS-Dotted-line" required="false" ms-dsml:isAnchor="false" />
                        <dsml:attribute ref="#SPS-Peers" required="false" ms-dsml:isAnchor="false" />
                        <dsml:attribute ref="#SPS-Responsibility" required="false" ms-dsml:isAnchor="false" />
                        <dsml:attribute ref="#SPS-SipAddress" required="false" ms-dsml:isAnchor="false" />
                        <dsml:attribute ref="#SPS-MySiteUpgrade" required="false" ms-dsml:isAnchor="false" />
                        <dsml:attribute ref="#SPS-DontSuggestList" required="false" ms-dsml:isAnchor="false" />
                        <dsml:attribute ref="#SPS-ProxyAddresses" required="false" ms-dsml:isAnchor="false" />
                        <dsml:attribute ref="#SPS-HireDate" required="false" ms-dsml:isAnchor="false" />
                        <dsml:attribute ref="#SPS-DisplayOrder" required="false" ms-dsml:isAnchor="false" />
                        <dsml:attribute ref="#SPS-ClaimID" required="false" ms-dsml:isAnchor="false" />
                        <dsml:attribute ref="#SPS-ClaimProviderID" required="false" ms-dsml:isAnchor="false" />
                        <dsml:attribute ref="#SPS-LastColleagueAdded" required="false" ms-dsml:isAnchor="false" />
                        <dsml:attribute ref="#SPS-OWAUrl" required="false" ms-dsml:isAnchor="false" />
                        <dsml:attribute ref="#SPS-ResourceAccountName" required="false" ms-dsml:isAnchor="false" />
                        <dsml:attribute ref="#SPS-MasterAccountName" required="false" ms-dsml:isAnchor="false" />
                        <dsml:attribute ref="#SPS-UserPrincipalName" required="false" ms-dsml:isAnchor="false" />
                        <dsml:attribute ref="#SPS-O15FirstRunExperience" required="false" ms-dsml:isAnchor="false" />
                        <dsml:attribute ref="#SPS-PersonalSiteInstantiationState" required="false" ms-dsml:isAnchor="false" />
                        <dsml:attribute ref="#SPS-DistinguishedName" required="false" ms-dsml:isAnchor="false" ms-dsml:allowedOperation="ExportOnly" />
                        <dsml:attribute ref="#SPS-SourceObjectDN" required="false" ms-dsml:isAnchor="false" ms-dsml:allowedOperation="ExportOnly" />
                        <dsml:attribute ref="#SPS-LastKeywordAdded" required="false" ms-dsml:isAnchor="false" />
                        <dsml:attribute ref="#SPS-ClaimProviderType" required="false" ms-dsml:isAnchor="false" />
                        <dsml:attribute ref="#SPS-SavedAccountName" required="false" ms-dsml:isAnchor="false" />
                        <dsml:attribute ref="#SPS-ObjectExists" required="false" ms-dsml:isAnchor="false" />
                        <dsml:attribute ref="#SPS-PersonalSiteCapabilities" required="false" ms-dsml:isAnchor="false" />
                        <dsml:attribute ref="#SPS-PersonalSiteFirstCreationTime" required="false" ms-dsml:isAnchor="false" />
                        <dsml:attribute ref="#SPS-PersonalSiteLastCreationTime" required="false" ms-dsml:isAnchor="false" />
                        <dsml:attribute ref="#SPS-PersonalSiteNumberOfRetries" required="false" ms-dsml:isAnchor="false" />
                        <dsml:attribute ref="#SPS-PersonalSiteFirstCreationError" required="false" ms-dsml:isAnchor="false" />
                        <dsml:attribute ref="#SPS-FeedIdentifier" required="false" ms-dsml:isAnchor="false" />
                        <dsml:attribute ref="#WorkEmail" required="false" ms-dsml:isAnchor="false" />
                        <dsml:attribute ref="#CellPhone" required="false" ms-dsml:isAnchor="false" />
                        <dsml:attribute ref="#Fax" required="false" ms-dsml:isAnchor="false" />
                        <dsml:attribute ref="#HomePhone" required="false" ms-dsml:isAnchor="false" />
                        <dsml:attribute ref="#Office" required="false" ms-dsml:isAnchor="false" />
                        <dsml:attribute ref="#SPS-Location" required="false" ms-dsml:isAnchor="false" ms-dsml:allowedOperation="ExportOnly" />
                        <dsml:attribute ref="#Assistant" required="false" ms-dsml:isAnchor="false" />
                        <dsml:attribute ref="#SPS-PastProjects" required="false" ms-dsml:isAnchor="false" />
                        <dsml:attribute ref="#SPS-Skills" required="false" ms-dsml:isAnchor="false" />
                        <dsml:attribute ref="#SPS-School" required="false" ms-dsml:isAnchor="false" />
                        <dsml:attribute ref="#SPS-Birthday" required="false" ms-dsml:isAnchor="false" />
                        <dsml:attribute ref="#SPS-StatusNotes" required="false" ms-dsml:isAnchor="false" />
                        <dsml:attribute ref="#SPS-Interests" required="false" ms-dsml:isAnchor="false" />
                        <dsml:attribute ref="#SPS-HashTags" required="false" ms-dsml:isAnchor="false" ms-dsml:allowedOperation="ExportOnly" />
                        <dsml:attribute ref="#SPS-EmailOptin" required="false" ms-dsml:isAnchor="false" />
                        <dsml:attribute ref="#SPS-PrivacyPeople" required="false" ms-dsml:isAnchor="false" />
                        <dsml:attribute ref="#SPS-PrivacyActivity" required="false" ms-dsml:isAnchor="false" />
                        <dsml:attribute ref="#SPS-PictureTimestamp" required="false" ms-dsml:isAnchor="false" />
                        <dsml:attribute ref="#SPS-PicturePlaceholderState" required="false" ms-dsml:isAnchor="false" />
                        <dsml:attribute ref="#SPS-PictureExchangeSyncState" required="false" ms-dsml:isAnchor="false" />
                        <dsml:attribute ref="#SPS-MUILanguages" required="false" ms-dsml:isAnchor="false" />
                        <dsml:attribute ref="#SPS-ContentLanguages" required="false" ms-dsml:isAnchor="false" />
                        <dsml:attribute ref="#SPS-TimeZone" required="false" ms-dsml:isAnchor="false" />
                        <dsml:attribute ref="#SPS-RegionalSettings-FollowWeb" required="false" ms-dsml:isAnchor="false" />
                        <dsml:attribute ref="#SPS-Locale" required="false" ms-dsml:isAnchor="false" />
                        <dsml:attribute ref="#SPS-CalendarType" required="false" ms-dsml:isAnchor="false" />
                        <dsml:attribute ref="#SPS-AltCalendarType" required="false" ms-dsml:isAnchor="false" />
                        <dsml:attribute ref="#SPS-AdjustHijriDays" required="false" ms-dsml:isAnchor="false" />
                        <dsml:attribute ref="#SPS-ShowWeeks" required="false" ms-dsml:isAnchor="false" />
                        <dsml:attribute ref="#SPS-WorkDays" required="false" ms-dsml:isAnchor="false" />
                        <dsml:attribute ref="#SPS-WorkDayStartHour" required="false" ms-dsml:isAnchor="false" />
                        <dsml:attribute ref="#SPS-WorkDayEndHour" required="false" ms-dsml:isAnchor="false" />
                        <dsml:attribute ref="#SPS-Time24" required="false" ms-dsml:isAnchor="false" />
                        <dsml:attribute ref="#SPS-FirstDayOfWeek" required="false" ms-dsml:isAnchor="false" />
                        <dsml:attribute ref="#SPS-FirstWeekOfYear" required="false" ms-dsml:isAnchor="false" />
                        <dsml:attribute ref="#SPS-RegionalSettings-Initialized" required="false" ms-dsml:isAnchor="false" />
                        <dsml:attribute ref="#OfficeGraphEnabled" required="false" ms-dsml:isAnchor="false" />
                        <dsml:attribute ref="#SPS-UserType" required="false" ms-dsml:isAnchor="false" />
                        <dsml:attribute ref="#SPS-HideFromAddressLists" required="false" ms-dsml:isAnchor="false" />
                        <dsml:attribute ref="#SPS-RecipientTypeDetails" required="false" ms-dsml:isAnchor="false" />
                        <dsml:attribute ref="#DelveFlags" required="false" ms-dsml:isAnchor="false" />
                        <dsml:attribute ref="#PulseMRUPeople" required="false" ms-dsml:isAnchor="false" />
                        <dsml:attribute ref="#msOnline-ObjectId" required="false" ms-dsml:isAnchor="false" />
                        <dsml:attribute ref="#SPS-PointPublishingUrl" required="false" ms-dsml:isAnchor="false" />
                        <dsml:attribute ref="#SPS-TenantInstanceId" required="false" ms-dsml:isAnchor="false" />
                        <dsml:attribute ref="#Anchor" required="true" ms-dsml:isAnchor="true" />
                        <dsml:attribute ref="#export_password" required="false" />
                    </dsml:class>
                    <dsml:attribute-type id="ProfileIdentifier" single-value="true" ms-dsml:export-only="true">
                        <dsml:name>ProfileIdentifier</dsml:name>
                        <dsml:syntax>1.3.6.1.4.1.1466.115.121.1.15</dsml:syntax>
                    </dsml:attribute-type>
                    <dsml:attribute-type id="SID" single-value="true" ms-dsml:export-only="true">
                        <dsml:name>SID</dsml:name>
                        <dsml:syntax>1.3.6.1.4.1.1466.115.121.1.5</dsml:syntax>
                    </dsml:attribute-type>
                    <dsml:attribute-type id="SourceReference" single-value="true" ms-dsml:immutable="true">
                        <dsml:name>SourceReference</dsml:name>
                        <dsml:syntax>1.3.6.1.4.1.1466.115.121.1.15</dsml:syntax>
                    </dsml:attribute-type>
                    <dsml:attribute-type id="GroupType" single-value="true" ms-dsml:export-only="true">
                        <dsml:name>GroupType</dsml:name>
                        <dsml:syntax>1.3.6.1.4.1.1466.115.121.1.27</dsml:syntax>
                    </dsml:attribute-type>
                    <dsml:attribute-type id="PreferredName" single-value="true" ms-dsml:export-only="true">
                        <dsml:name>PreferredName</dsml:name>
                        <dsml:syntax>1.3.6.1.4.1.1466.115.121.1.15</dsml:syntax>
                    </dsml:attribute-type>
                    <dsml:attribute-type id="Description" single-value="true" ms-dsml:export-only="true">
                        <dsml:name>Description</dsml:name>
                        <dsml:syntax>1.3.6.1.4.1.1466.115.121.1.15</dsml:syntax>
                    </dsml:attribute-type>
                    <dsml:attribute-type id="Url" single-value="true" ms-dsml:export-only="true">
                        <dsml:name>Url</dsml:name>
                        <dsml:syntax>1.3.6.1.4.1.1466.115.121.1.15</dsml:syntax>
                    </dsml:attribute-type>
                    <dsml:attribute-type id="MailNickName" single-value="true" ms-dsml:export-only="true">
                        <dsml:name>MailNickName</dsml:name>
                        <dsml:syntax>1.3.6.1.4.1.1466.115.121.1.15</dsml:syntax>
                    </dsml:attribute-type>
                    <dsml:attribute-type id="domain" single-value="true" ms-dsml:immutable="true">
                        <dsml:name>domain</dsml:name>
                        <dsml:syntax>1.3.6.1.4.1.1466.115.121.1.15</dsml:syntax>
                    </dsml:attribute-type>
                    <dsml:attribute-type id="Member" single-value="false" ms-dsml:export-only="true">
                        <dsml:name>Member</dsml:name>
                        <dsml:syntax>1.3.6.1.4.1.1466.115.121.1.12</dsml:syntax>
                    </dsml:attribute-type>
                    <dsml:attribute-type id="Anchor" single-value="true" ms-dsml:immutable="true">
                        <dsml:name>Anchor</dsml:name>
                        <dsml:syntax>1.3.6.1.4.1.1466.115.121.1.15</dsml:syntax>
                    </dsml:attribute-type>
                    <dsml:attribute-type id="SPS-DistinguishedName" single-value="true" ms-dsml:export-only="true">
                        <dsml:name>SPS-DistinguishedName</dsml:name>
                        <dsml:syntax>1.3.6.1.4.1.1466.115.121.1.15</dsml:syntax>
                    </dsml:attribute-type>
                    <dsml:attribute-type id="SPS-SourceObjectDN" single-value="true" ms-dsml:export-only="true">
                        <dsml:name>SPS-SourceObjectDN</dsml:name>
                        <dsml:syntax>1.3.6.1.4.1.1466.115.121.1.15</dsml:syntax>
                    </dsml:attribute-type>
                    <dsml:attribute-type id="UserName_Contact" single-value="true" ms-dsml:immutable="true">
                        <dsml:name>UserName_Contact</dsml:name>
                        <dsml:syntax>1.3.6.1.4.1.1466.115.121.1.15</dsml:syntax>
                    </dsml:attribute-type>
                    <dsml:attribute-type id="UserProfile_GUID" single-value="true">
                        <dsml:name>UserProfile_GUID</dsml:name>
                        <dsml:syntax>1.3.6.1.4.1.1466.115.121.1.15</dsml:syntax>
                    </dsml:attribute-type>
                    <dsml:attribute-type id="AccountName" single-value="true" ms-dsml:immutable="true">
                        <dsml:name>AccountName</dsml:name>
                        <dsml:syntax>1.3.6.1.4.1.1466.115.121.1.15</dsml:syntax>
                    </dsml:attribute-type>
                    <dsml:attribute-type id="FirstName" single-value="true">
                        <dsml:name>FirstName</dsml:name>
                        <dsml:syntax>1.3.6.1.4.1.1466.115.121.1.15</dsml:syntax>
                    </dsml:attribute-type>
                    <dsml:attribute-type id="SPS-PhoneticFirstName" single-value="true">
                        <dsml:name>SPS-PhoneticFirstName</dsml:name>
                        <dsml:syntax>1.3.6.1.4.1.1466.115.121.1.15</dsml:syntax>
                    </dsml:attribute-type>
                    <dsml:attribute-type id="LastName" single-value="true">
                        <dsml:name>LastName</dsml:name>
                        <dsml:syntax>1.3.6.1.4.1.1466.115.121.1.15</dsml:syntax>
                    </dsml:attribute-type>
                    <dsml:attribute-type id="SPS-PhoneticLastName" single-value="true">
                        <dsml:name>SPS-PhoneticLastName</dsml:name>
                        <dsml:syntax>1.3.6.1.4.1.1466.115.121.1.15</dsml:syntax>
                    </dsml:attribute-type>
                    <dsml:attribute-type id="SPS-PhoneticDisplayName" single-value="true">
                        <dsml:name>SPS-PhoneticDisplayName</dsml:name>
                        <dsml:syntax>1.3.6.1.4.1.1466.115.121.1.15</dsml:syntax>
                    </dsml:attribute-type>
                    <dsml:attribute-type id="WorkPhone" single-value="true">
                        <dsml:name>WorkPhone</dsml:name>
                        <dsml:syntax>1.3.6.1.4.1.1466.115.121.1.15</dsml:syntax>
                    </dsml:attribute-type>
                    <dsml:attribute-type id="Department" single-value="true">
                        <dsml:name>Department</dsml:name>
                        <dsml:syntax>1.3.6.1.4.1.1466.115.121.1.15</dsml:syntax>
                    </dsml:attribute-type>
                    <dsml:attribute-type id="Title" single-value="true">
                        <dsml:name>Title</dsml:name>
                        <dsml:syntax>1.3.6.1.4.1.1466.115.121.1.15</dsml:syntax>
                    </dsml:attribute-type>
                    <dsml:attribute-type id="SPS-Department" single-value="true" ms-dsml:export-only="true">
                        <dsml:name>SPS-Department</dsml:name>
                        <dsml:syntax>1.3.6.1.4.1.1466.115.121.1.15</dsml:syntax>
                    </dsml:attribute-type>
                    <dsml:attribute-type id="Manager" single-value="true">
                        <dsml:name>Manager</dsml:name>
                        <dsml:syntax>1.3.6.1.4.1.1466.115.121.1.12</dsml:syntax>
                    </dsml:attribute-type>
                    <dsml:attribute-type id="AboutMe" single-value="true">
                        <dsml:name>AboutMe</dsml:name>
                        <dsml:syntax>1.3.6.1.4.1.1466.115.121.1.15</dsml:syntax>
                    </dsml:attribute-type>
                    <dsml:attribute-type id="PersonalSpace" single-value="true">
                        <dsml:name>PersonalSpace</dsml:name>
                        <dsml:syntax>1.3.6.1.4.1.1466.115.121.1.15</dsml:syntax>
                    </dsml:attribute-type>
                    <dsml:attribute-type id="Picture" single-value="true" ms-dsml:export-only="true">
                        <dsml:name>Picture</dsml:name>
                        <dsml:syntax>1.3.6.1.4.1.1466.115.121.1.5</dsml:syntax>
                    </dsml:attribute-type>
                    <dsml:attribute-type id="UserName" single-value="true">
                        <dsml:name>UserName</dsml:name>
                        <dsml:syntax>1.3.6.1.4.1.1466.115.121.1.15</dsml:syntax>
                    </dsml:attribute-type>
                    <dsml:attribute-type id="QuickLinks" single-value="true">
                        <dsml:name>QuickLinks</dsml:name>
                        <dsml:syntax>1.3.6.1.4.1.1466.115.121.1.15</dsml:syntax>
                    </dsml:attribute-type>
                    <dsml:attribute-type id="WebSite" single-value="true">
                        <dsml:name>WebSite</dsml:name>
                        <dsml:syntax>1.3.6.1.4.1.1466.115.121.1.15</dsml:syntax>
                    </dsml:attribute-type>
                    <dsml:attribute-type id="PublicSiteRedirect" single-value="true">
                        <dsml:name>PublicSiteRedirect</dsml:name>
                        <dsml:syntax>1.3.6.1.4.1.1466.115.121.1.15</dsml:syntax>
                    </dsml:attribute-type>
                    <dsml:attribute-type id="SPS-JobTitle" single-value="true" ms-dsml:export-only="true">
                        <dsml:name>SPS-JobTitle</dsml:name>
                        <dsml:syntax>1.3.6.1.4.1.1466.115.121.1.15</dsml:syntax>
                    </dsml:attribute-type>
                    <dsml:attribute-type id="SPS-DataSource" single-value="true">
                        <dsml:name>SPS-DataSource</dsml:name>
                        <dsml:syntax>1.3.6.1.4.1.1466.115.121.1.15</dsml:syntax>
                    </dsml:attribute-type>
                    <dsml:attribute-type id="SPS-MemberOf" single-value="false">
                        <dsml:name>SPS-MemberOf</dsml:name>
                        <dsml:syntax>1.3.6.1.4.1.1466.115.121.1.15</dsml:syntax>
                    </dsml:attribute-type>
                    <dsml:attribute-type id="SPS-Dotted-line" single-value="true">
                        <dsml:name>SPS-Dotted-line</dsml:name>
                        <dsml:syntax>1.3.6.1.4.1.1466.115.121.1.12</dsml:syntax>
                    </dsml:attribute-type>
                    <dsml:attribute-type id="SPS-Peers" single-value="true">
                        <dsml:name>SPS-Peers</dsml:name>
                        <dsml:syntax>1.3.6.1.4.1.1466.115.121.1.15</dsml:syntax>
                    </dsml:attribute-type>
                    <dsml:attribute-type id="SPS-Responsibility" single-value="false">
                        <dsml:name>SPS-Responsibility</dsml:name>
                        <dsml:syntax>1.3.6.1.4.1.1466.115.121.1.15</dsml:syntax>
                    </dsml:attribute-type>
                    <dsml:attribute-type id="SPS-SipAddress" single-value="true">
                        <dsml:name>SPS-SipAddress</dsml:name>
                        <dsml:syntax>1.3.6.1.4.1.1466.115.121.1.15</dsml:syntax>
                    </dsml:attribute-type>
                    <dsml:attribute-type id="SPS-MySiteUpgrade" single-value="true">
                        <dsml:name>SPS-MySiteUpgrade</dsml:name>
                        <dsml:syntax>1.3.6.1.4.1.1466.115.121.1.7</dsml:syntax>
                    </dsml:attribute-type>
                    <dsml:attribute-type id="SPS-DontSuggestList" single-value="false">
                        <dsml:name>SPS-DontSuggestList</dsml:name>
                        <dsml:syntax>1.3.6.1.4.1.1466.115.121.1.12</dsml:syntax>
                    </dsml:attribute-type>
                    <dsml:attribute-type id="SPS-ProxyAddresses" single-value="false">
                        <dsml:name>SPS-ProxyAddresses</dsml:name>
                        <dsml:syntax>1.3.6.1.4.1.1466.115.121.1.15</dsml:syntax>
                    </dsml:attribute-type>
                    <dsml:attribute-type id="SPS-HireDate" single-value="true">
                        <dsml:name>SPS-HireDate</dsml:name>
                        <dsml:syntax>1.3.6.1.4.1.1466.115.121.1.15</dsml:syntax>
                    </dsml:attribute-type>
                    <dsml:attribute-type id="SPS-DisplayOrder" single-value="true">
                        <dsml:name>SPS-DisplayOrder</dsml:name>
                        <dsml:syntax>1.3.6.1.4.1.1466.115.121.1.27</dsml:syntax>
                    </dsml:attribute-type>
                    <dsml:attribute-type id="SPS-ClaimID" single-value="true">
                        <dsml:name>SPS-ClaimID</dsml:name>
                        <dsml:syntax>1.3.6.1.4.1.1466.115.121.1.15</dsml:syntax>
                    </dsml:attribute-type>
                    <dsml:attribute-type id="SPS-ClaimProviderID" single-value="true">
                        <dsml:name>SPS-ClaimProviderID</dsml:name>
                        <dsml:syntax>1.3.6.1.4.1.1466.115.121.1.15</dsml:syntax>
                    </dsml:attribute-type>
                    <dsml:attribute-type id="SPS-LastColleagueAdded" single-value="true">
                        <dsml:name>SPS-LastColleagueAdded</dsml:name>
                        <dsml:syntax>1.3.6.1.4.1.1466.115.121.1.15</dsml:syntax>
                    </dsml:attribute-type>
                    <dsml:attribute-type id="SPS-OWAUrl" single-value="true">
                        <dsml:name>SPS-OWAUrl</dsml:name>
                        <dsml:syntax>1.3.6.1.4.1.1466.115.121.1.15</dsml:syntax>
                    </dsml:attribute-type>
                    <dsml:attribute-type id="SPS-ResourceAccountName" single-value="true">
                        <dsml:name>SPS-ResourceAccountName</dsml:name>
                        <dsml:syntax>1.3.6.1.4.1.1466.115.121.1.12</dsml:syntax>
                    </dsml:attribute-type>
                    <dsml:attribute-type id="SPS-MasterAccountName" single-value="true">
                        <dsml:name>SPS-MasterAccountName</dsml:name>
                        <dsml:syntax>1.3.6.1.4.1.1466.115.121.1.12</dsml:syntax>
                    </dsml:attribute-type>
                    <dsml:attribute-type id="SPS-UserPrincipalName" single-value="true">
                        <dsml:name>SPS-UserPrincipalName</dsml:name>
                        <dsml:syntax>1.3.6.1.4.1.1466.115.121.1.15</dsml:syntax>
                    </dsml:attribute-type>
                    <dsml:attribute-type id="SPS-O15FirstRunExperience" single-value="true">
                        <dsml:name>SPS-O15FirstRunExperience</dsml:name>
                        <dsml:syntax>1.3.6.1.4.1.1466.115.121.1.27</dsml:syntax>
                    </dsml:attribute-type>
                    <dsml:attribute-type id="SPS-PersonalSiteInstantiationState" single-value="true">
                        <dsml:name>SPS-PersonalSiteInstantiationState</dsml:name>
                        <dsml:syntax>1.3.6.1.4.1.1466.115.121.1.27</dsml:syntax>
                    </dsml:attribute-type>
                    <dsml:attribute-type id="SPS-LastKeywordAdded" single-value="true">
                        <dsml:name>SPS-LastKeywordAdded</dsml:name>
                        <dsml:syntax>1.3.6.1.4.1.1466.115.121.1.15</dsml:syntax>
                    </dsml:attribute-type>
                    <dsml:attribute-type id="SPS-ClaimProviderType" single-value="true">
                        <dsml:name>SPS-ClaimProviderType</dsml:name>
                        <dsml:syntax>1.3.6.1.4.1.1466.115.121.1.15</dsml:syntax>
                    </dsml:attribute-type>
                    <dsml:attribute-type id="SPS-SavedAccountName" single-value="true">
                        <dsml:name>SPS-SavedAccountName</dsml:name>
                        <dsml:syntax>1.3.6.1.4.1.1466.115.121.1.15</dsml:syntax>
                    </dsml:attribute-type>
                    <dsml:attribute-type id="SPS-ObjectExists" single-value="true">
                        <dsml:name>SPS-ObjectExists</dsml:name>
                        <dsml:syntax>1.3.6.1.4.1.1466.115.121.1.15</dsml:syntax>
                    </dsml:attribute-type>
                    <dsml:attribute-type id="SPS-PersonalSiteCapabilities" single-value="true">
                        <dsml:name>SPS-PersonalSiteCapabilities</dsml:name>
                        <dsml:syntax>1.3.6.1.4.1.1466.115.121.1.27</dsml:syntax>
                    </dsml:attribute-type>
                    <dsml:attribute-type id="SPS-PersonalSiteFirstCreationTime" single-value="true">
                        <dsml:name>SPS-PersonalSiteFirstCreationTime</dsml:name>
                        <dsml:syntax>1.3.6.1.4.1.1466.115.121.1.15</dsml:syntax>
                    </dsml:attribute-type>
                    <dsml:attribute-type id="SPS-PersonalSiteLastCreationTime" single-value="true">
                        <dsml:name>SPS-PersonalSiteLastCreationTime</dsml:name>
                        <dsml:syntax>1.3.6.1.4.1.1466.115.121.1.15</dsml:syntax>
                    </dsml:attribute-type>
                    <dsml:attribute-type id="SPS-PersonalSiteNumberOfRetries" single-value="true">
                        <dsml:name>SPS-PersonalSiteNumberOfRetries</dsml:name>
                        <dsml:syntax>1.3.6.1.4.1.1466.115.121.1.27</dsml:syntax>
                    </dsml:attribute-type>
                    <dsml:attribute-type id="SPS-PersonalSiteFirstCreationError" single-value="true">
                        <dsml:name>SPS-PersonalSiteFirstCreationError</dsml:name>
                        <dsml:syntax>1.3.6.1.4.1.1466.115.121.1.15</dsml:syntax>
                    </dsml:attribute-type>
                    <dsml:attribute-type id="SPS-FeedIdentifier" single-value="true">
                        <dsml:name>SPS-FeedIdentifier</dsml:name>
                        <dsml:syntax>1.3.6.1.4.1.1466.115.121.1.15</dsml:syntax>
                    </dsml:attribute-type>
                    <dsml:attribute-type id="WorkEmail" single-value="true">
                        <dsml:name>WorkEmail</dsml:name>
                        <dsml:syntax>1.3.6.1.4.1.1466.115.121.1.15</dsml:syntax>
                    </dsml:attribute-type>
                    <dsml:attribute-type id="CellPhone" single-value="true">
                        <dsml:name>CellPhone</dsml:name>
                        <dsml:syntax>1.3.6.1.4.1.1466.115.121.1.15</dsml:syntax>
                    </dsml:attribute-type>
                    <dsml:attribute-type id="Fax" single-value="true">
                        <dsml:name>Fax</dsml:name>
                        <dsml:syntax>1.3.6.1.4.1.1466.115.121.1.15</dsml:syntax>
                    </dsml:attribute-type>
                    <dsml:attribute-type id="HomePhone" single-value="true">
                        <dsml:name>HomePhone</dsml:name>
                        <dsml:syntax>1.3.6.1.4.1.1466.115.121.1.15</dsml:syntax>
                    </dsml:attribute-type>
                    <dsml:attribute-type id="Office" single-value="true">
                        <dsml:name>Office</dsml:name>
                        <dsml:syntax>1.3.6.1.4.1.1466.115.121.1.15</dsml:syntax>
                    </dsml:attribute-type>
                    <dsml:attribute-type id="SPS-Location" single-value="true" ms-dsml:export-only="true">
                        <dsml:name>SPS-Location</dsml:name>
                        <dsml:syntax>1.3.6.1.4.1.1466.115.121.1.15</dsml:syntax>
                    </dsml:attribute-type>
                    <dsml:attribute-type id="Assistant" single-value="true">
                        <dsml:name>Assistant</dsml:name>
                        <dsml:syntax>1.3.6.1.4.1.1466.115.121.1.12</dsml:syntax>
                    </dsml:attribute-type>
                    <dsml:attribute-type id="SPS-PastProjects" single-value="false">
                        <dsml:name>SPS-PastProjects</dsml:name>
                        <dsml:syntax>1.3.6.1.4.1.1466.115.121.1.15</dsml:syntax>
                    </dsml:attribute-type>
                    <dsml:attribute-type id="SPS-Skills" single-value="false">
                        <dsml:name>SPS-Skills</dsml:name>
                        <dsml:syntax>1.3.6.1.4.1.1466.115.121.1.15</dsml:syntax>
                    </dsml:attribute-type>
                    <dsml:attribute-type id="SPS-School" single-value="false">
                        <dsml:name>SPS-School</dsml:name>
                        <dsml:syntax>1.3.6.1.4.1.1466.115.121.1.15</dsml:syntax>
                    </dsml:attribute-type>
                    <dsml:attribute-type id="SPS-Birthday" single-value="true">
                        <dsml:name>SPS-Birthday</dsml:name>
                        <dsml:syntax>1.3.6.1.4.1.1466.115.121.1.15</dsml:syntax>
                    </dsml:attribute-type>
                    <dsml:attribute-type id="SPS-StatusNotes" single-value="true">
                        <dsml:name>SPS-StatusNotes</dsml:name>
                        <dsml:syntax>1.3.6.1.4.1.1466.115.121.1.15</dsml:syntax>
                    </dsml:attribute-type>
                    <dsml:attribute-type id="SPS-Interests" single-value="false">
                        <dsml:name>SPS-Interests</dsml:name>
                        <dsml:syntax>1.3.6.1.4.1.1466.115.121.1.15</dsml:syntax>
                    </dsml:attribute-type>
                    <dsml:attribute-type id="SPS-HashTags" single-value="false" ms-dsml:export-only="true">
                        <dsml:name>SPS-HashTags</dsml:name>
                        <dsml:syntax>1.3.6.1.4.1.1466.115.121.1.15</dsml:syntax>
                    </dsml:attribute-type>
                    <dsml:attribute-type id="SPS-EmailOptin" single-value="true">
                        <dsml:name>SPS-EmailOptin</dsml:name>
                        <dsml:syntax>1.3.6.1.4.1.1466.115.121.1.27</dsml:syntax>
                    </dsml:attribute-type>
                    <dsml:attribute-type id="SPS-PrivacyPeople" single-value="true">
                        <dsml:name>SPS-PrivacyPeople</dsml:name>
                        <dsml:syntax>1.3.6.1.4.1.1466.115.121.1.7</dsml:syntax>
                    </dsml:attribute-type>
                    <dsml:attribute-type id="SPS-PrivacyActivity" single-value="true">
                        <dsml:name>SPS-PrivacyActivity</dsml:name>
                        <dsml:syntax>1.3.6.1.4.1.1466.115.121.1.27</dsml:syntax>
                    </dsml:attribute-type>
                    <dsml:attribute-type id="SPS-PictureTimestamp" single-value="true">
                        <dsml:name>SPS-PictureTimestamp</dsml:name>
                        <dsml:syntax>1.3.6.1.4.1.1466.115.121.1.15</dsml:syntax>
                    </dsml:attribute-type>
                    <dsml:attribute-type id="SPS-PicturePlaceholderState" single-value="true">
                        <dsml:name>SPS-PicturePlaceholderState</dsml:name>
                        <dsml:syntax>1.3.6.1.4.1.1466.115.121.1.27</dsml:syntax>
                    </dsml:attribute-type>
                    <dsml:attribute-type id="SPS-PictureExchangeSyncState" single-value="true">
                        <dsml:name>SPS-PictureExchangeSyncState</dsml:name>
                        <dsml:syntax>1.3.6.1.4.1.1466.115.121.1.27</dsml:syntax>
                    </dsml:attribute-type>
                    <dsml:attribute-type id="SPS-MUILanguages" single-value="true">
                        <dsml:name>SPS-MUILanguages</dsml:name>
                        <dsml:syntax>1.3.6.1.4.1.1466.115.121.1.15</dsml:syntax>
                    </dsml:attribute-type>
                    <dsml:attribute-type id="SPS-ContentLanguages" single-value="true">
                        <dsml:name>SPS-ContentLanguages</dsml:name>
                        <dsml:syntax>1.3.6.1.4.1.1466.115.121.1.15</dsml:syntax>
                    </dsml:attribute-type>
                    <dsml:attribute-type id="SPS-TimeZone" single-value="true">
                        <dsml:name>SPS-TimeZone</dsml:name>
                        <dsml:syntax>1.3.6.1.4.1.1466.115.121.1.15</dsml:syntax>
                    </dsml:attribute-type>
                    <dsml:attribute-type id="SPS-RegionalSettings-FollowWeb" single-value="true">
                        <dsml:name>SPS-RegionalSettings-FollowWeb</dsml:name>
                        <dsml:syntax>1.3.6.1.4.1.1466.115.121.1.7</dsml:syntax>
                    </dsml:attribute-type>
                    <dsml:attribute-type id="SPS-Locale" single-value="true">
                        <dsml:name>SPS-Locale</dsml:name>
                        <dsml:syntax>1.3.6.1.4.1.1466.115.121.1.27</dsml:syntax>
                    </dsml:attribute-type>
                    <dsml:attribute-type id="SPS-CalendarType" single-value="true">
                        <dsml:name>SPS-CalendarType</dsml:name>
                        <dsml:syntax>1.3.6.1.4.1.1466.115.121.1.27</dsml:syntax>
                    </dsml:attribute-type>
                    <dsml:attribute-type id="SPS-AltCalendarType" single-value="true">
                        <dsml:name>SPS-AltCalendarType</dsml:name>
                        <dsml:syntax>1.3.6.1.4.1.1466.115.121.1.27</dsml:syntax>
                    </dsml:attribute-type>
                    <dsml:attribute-type id="SPS-AdjustHijriDays" single-value="true">
                        <dsml:name>SPS-AdjustHijriDays</dsml:name>
                        <dsml:syntax>1.3.6.1.4.1.1466.115.121.1.27</dsml:syntax>
                    </dsml:attribute-type>
                    <dsml:attribute-type id="SPS-ShowWeeks" single-value="true">
                        <dsml:name>SPS-ShowWeeks</dsml:name>
                        <dsml:syntax>1.3.6.1.4.1.1466.115.121.1.7</dsml:syntax>
                    </dsml:attribute-type>
                    <dsml:attribute-type id="SPS-WorkDays" single-value="true">
                        <dsml:name>SPS-WorkDays</dsml:name>
                        <dsml:syntax>1.3.6.1.4.1.1466.115.121.1.27</dsml:syntax>
                    </dsml:attribute-type>
                    <dsml:attribute-type id="SPS-WorkDayStartHour" single-value="true">
                        <dsml:name>SPS-WorkDayStartHour</dsml:name>
                        <dsml:syntax>1.3.6.1.4.1.1466.115.121.1.27</dsml:syntax>
                    </dsml:attribute-type>
                    <dsml:attribute-type id="SPS-WorkDayEndHour" single-value="true">
                        <dsml:name>SPS-WorkDayEndHour</dsml:name>
                        <dsml:syntax>1.3.6.1.4.1.1466.115.121.1.27</dsml:syntax>
                    </dsml:attribute-type>
                    <dsml:attribute-type id="SPS-Time24" single-value="true">
                        <dsml:name>SPS-Time24</dsml:name>
                        <dsml:syntax>1.3.6.1.4.1.1466.115.121.1.7</dsml:syntax>
                    </dsml:attribute-type>
                    <dsml:attribute-type id="SPS-FirstDayOfWeek" single-value="true">
                        <dsml:name>SPS-FirstDayOfWeek</dsml:name>
                        <dsml:syntax>1.3.6.1.4.1.1466.115.121.1.27</dsml:syntax>
                    </dsml:attribute-type>
                    <dsml:attribute-type id="SPS-FirstWeekOfYear" single-value="true">
                        <dsml:name>SPS-FirstWeekOfYear</dsml:name>
                        <dsml:syntax>1.3.6.1.4.1.1466.115.121.1.27</dsml:syntax>
                    </dsml:attribute-type>
                    <dsml:attribute-type id="SPS-RegionalSettings-Initialized" single-value="true">
                        <dsml:name>SPS-RegionalSettings-Initialized</dsml:name>
                        <dsml:syntax>1.3.6.1.4.1.1466.115.121.1.7</dsml:syntax>
                    </dsml:attribute-type>
                    <dsml:attribute-type id="OfficeGraphEnabled" single-value="true">
                        <dsml:name>OfficeGraphEnabled</dsml:name>
                        <dsml:syntax>1.3.6.1.4.1.1466.115.121.1.7</dsml:syntax>
                    </dsml:attribute-type>
                    <dsml:attribute-type id="SPS-UserType" single-value="true">
                        <dsml:name>SPS-UserType</dsml:name>
                        <dsml:syntax>1.3.6.1.4.1.1466.115.121.1.27</dsml:syntax>
                    </dsml:attribute-type>
                    <dsml:attribute-type id="SPS-HideFromAddressLists" single-value="true">
                        <dsml:name>SPS-HideFromAddressLists</dsml:name>
                        <dsml:syntax>1.3.6.1.4.1.1466.115.121.1.7</dsml:syntax>
                    </dsml:attribute-type>
                    <dsml:attribute-type id="SPS-RecipientTypeDetails" single-value="true">
                        <dsml:name>SPS-RecipientTypeDetails</dsml:name>
                        <dsml:syntax>1.3.6.1.4.1.1466.115.121.1.15</dsml:syntax>
                    </dsml:attribute-type>
                    <dsml:attribute-type id="DelveFlags" single-value="true">
                        <dsml:name>DelveFlags</dsml:name>
                        <dsml:syntax>1.3.6.1.4.1.1466.115.121.1.27</dsml:syntax>
                    </dsml:attribute-type>
                    <dsml:attribute-type id="PulseMRUPeople" single-value="true">
                        <dsml:name>PulseMRUPeople</dsml:name>
                        <dsml:syntax>1.3.6.1.4.1.1466.115.121.1.15</dsml:syntax>
                    </dsml:attribute-type>
                    <dsml:attribute-type id="msOnline-ObjectId" single-value="true">
                        <dsml:name>msOnline-ObjectId</dsml:name>
                        <dsml:syntax>1.3.6.1.4.1.1466.115.121.1.15</dsml:syntax>
                    </dsml:attribute-type>
                    <dsml:attribute-type id="SPS-PointPublishingUrl" single-value="true">
                        <dsml:name>SPS-PointPublishingUrl</dsml:name>
                        <dsml:syntax>1.3.6.1.4.1.1466.115.121.1.15</dsml:syntax>
                    </dsml:attribute-type>
                    <dsml:attribute-type id="SPS-TenantInstanceId" single-value="true">
                        <dsml:name>SPS-TenantInstanceId</dsml:name>
                        <dsml:syntax>1.3.6.1.4.1.1466.115.121.1.15</dsml:syntax>
                    </dsml:attribute-type>
                    <dsml:attribute-type id="export_password" single-value="true" ms-dsml:encrypted="true" ms-dsml:export-only="true">
                        <dsml:name>export_password</dsml:name>
                        <dsml:syntax>1.3.6.1.4.1.1466.115.121.1.15</dsml:syntax>
                    </dsml:attribute-type>
                </dsml:directory-schema>
            </dsml:dsml>
        </schema>
        <attribute-inclusion>
            <attribute>AccountName</attribute>
            <attribute>Anchor</attribute>
            <attribute>Department</attribute>
            <attribute>Description</attribute>
            <attribute>domain</attribute>
            <attribute>FirstName</attribute>
            <attribute>GroupType</attribute>
            <attribute>LastName</attribute>
            <attribute>MailNickName</attribute>
            <attribute>Manager</attribute>
            <attribute>Member</attribute>
            <attribute>Office</attribute>
            <attribute>Picture</attribute>
            <attribute>PreferredName</attribute>
            <attribute>ProfileIdentifier</attribute>
            <attribute>PublicSiteRedirect</attribute>
            <attribute>SID</attribute>
            <attribute>SourceReference</attribute>
            <attribute>SPS-ClaimProviderID</attribute>
            <attribute>SPS-ClaimProviderType</attribute>
            <attribute>SPS-Department</attribute>
            <attribute>SPS-DistinguishedName</attribute>
            <attribute>SPS-JobTitle</attribute>
            <attribute>SPS-PhoneticDisplayName</attribute>
            <attribute>SPS-PhoneticFirstName</attribute>
            <attribute>SPS-PhoneticLastName</attribute>
            <attribute>SPS-Responsibility</attribute>
            <attribute>SPS-SipAddress</attribute>
            <attribute>SPS-SourceObjectDN</attribute>
            <attribute>SPS-UserPrincipalName</attribute>
            <attribute>Title</attribute>
            <attribute>Url</attribute>
            <attribute>UserName</attribute>
            <attribute>UserProfile_GUID</attribute>
            <attribute>WorkEmail</attribute>
            <attribute>WorkPhone</attribute>
            <attribute>export_password</attribute>
        </attribute-inclusion>
        <stay-disconnector />
        <join>
            <join-profile cd-object-type="user">
                <join-criterion id="{3E2DA235-87FC-4F63-AB21-DC918D2EBB12}">
                    <search mv-object-type="person">
                        <attribute-mapping mv-attribute="accountName">
                            <direct-mapping>
                                <src-attribute>UserName</src-attribute>
                            </direct-mapping>
                        </attribute-mapping>
                    </search>
                    <resolution type="none">
                        <script-context>
                        </script-context>
                    </resolution>
                </join-criterion>
            </join-profile>
        </join>
        <projection />
        <export-attribute-flow>
            <export-flow-set cd-object-type="user" mv-object-type="person">
                <export-flow cd-attribute="Picture" id="{DC088599-9137-41B0-9D3C-CB00CA441338}" suppress-deletions="false">
                    <direct-mapping>
                        <src-attribute>photo</src-attribute>
                    </direct-mapping>
                </export-flow>
                <export-flow cd-attribute="PreferredName" id="{71FF0FCB-D206-4D1F-A2C8-9440A2051280}" suppress-deletions="false">
                    <scripted-mapping>
                        <src-attribute>displayName</src-attribute>
                        <src-attribute>distinguishedName</src-attribute>
                        <script-context>GetDisplayName:displayName,PreferredName</script-context>
                    </scripted-mapping>
                </export-flow>
                <export-flow cd-attribute="WorkEmail" id="{1876C464-F666-412F-BE56-84CDFC6DD082}" suppress-deletions="true">
                    <direct-mapping>
                        <src-attribute>mail</src-attribute>
                    </direct-mapping>
                </export-flow>
                <export-flow cd-attribute="UserName" id="{AA8C1238-85A3-4D18-9EB3-E2D1A1ADA682}" suppress-deletions="true">
                    <direct-mapping>
                        <src-attribute>sAMAccountName</src-attribute>
                    </direct-mapping>
                </export-flow>
                <export-flow cd-attribute="FirstName" id="{AEF8A019-4267-4CCF-805B-E68508E3568B}" suppress-deletions="true">
                    <direct-mapping>
                        <src-attribute>firstName</src-attribute>
                    </direct-mapping>
                </export-flow>
                <export-flow cd-attribute="LastName" id="{D872F597-DEBF-47E7-A1DA-BAE2D565B354}" suppress-deletions="true">
                    <direct-mapping>
                        <src-attribute>lastName</src-attribute>
                    </direct-mapping>
                </export-flow>
                <export-flow cd-attribute="SPS-UserPrincipalName" id="{1B335419-AE29-410C-AD75-A857C0224E26}" suppress-deletions="true">
                    <direct-mapping>
                        <src-attribute>SPS-UserPrincipalName</src-attribute>
                    </direct-mapping>
                </export-flow>
                <export-flow cd-attribute="Manager" id="{D740FD0C-B7F6-4280-A032-A5A7AD119439}" suppress-deletions="true">
                    <direct-mapping>
                        <src-attribute>manager</src-attribute>
                    </direct-mapping>
                </export-flow>
                <export-flow cd-attribute="ProfileIdentifier" id="{DB469010-B089-480A-B44D-EDBC83100C66}" suppress-deletions="true">
                    <scripted-mapping>
                        <src-attribute>accountName</src-attribute>
                        <src-attribute>distinguishedName</src-attribute>
                        <script-context>GetDomain:distinguishedName,domain</script-context>
                    </scripted-mapping>
                </export-flow>
                <export-flow cd-attribute="SPS-DistinguishedName" id="{D173374F-7880-4C21-99E9-C34E8DEDDFC7}" suppress-deletions="true">
                    <direct-mapping>
                        <src-attribute>distinguishedName</src-attribute>
                    </direct-mapping>
                </export-flow>
                <export-flow cd-attribute="SID" id="{88050CB3-6CC4-4071-897D-CC846054D6DE}" suppress-deletions="false">
                    <direct-mapping>
                        <src-attribute>objectSid</src-attribute>
                    </direct-mapping>
                </export-flow>
                <export-flow cd-attribute="WorkPhone" id="{BE1B87D6-7C38-406F-94DC-B306FA9A8EE5}" suppress-deletions="false">
                    <direct-mapping>
                        <src-attribute>telephoneNumber</src-attribute>
                    </direct-mapping>
                </export-flow>
                <export-flow cd-attribute="Office" id="{00BD8D8D-6EE1-41DC-BAD9-9813BF3329F3}" suppress-deletions="false">
                    <direct-mapping>
                        <src-attribute>physicalDeliveryOfficeName</src-attribute>
                    </direct-mapping>
                </export-flow>
                <export-flow cd-attribute="Title" id="{DFDA3C23-7432-482B-A259-955F5FED79F1}" suppress-deletions="false">
                    <direct-mapping>
                        <src-attribute>title</src-attribute>
                    </direct-mapping>
                </export-flow>
                <export-flow cd-attribute="Department" id="{DDFBDC38-601F-4522-92BB-8193FA899B96}" suppress-deletions="true">
                    <direct-mapping>
                        <src-attribute>department</src-attribute>
                    </direct-mapping>
                </export-flow>
                <export-flow cd-attribute="PublicSiteRedirect" id="{4D9273F6-7915-4144-AEEC-757622EC8B72}" suppress-deletions="false">
                    <direct-mapping>
                        <src-attribute>wWWHomePage</src-attribute>
                    </direct-mapping>
                </export-flow>
                <export-flow cd-attribute="SPS-SipAddress" id="{752EF82A-0071-4D6B-8616-1854AD848903}" suppress-deletions="false">
                    <direct-mapping>
                        <src-attribute>SPS-SipAddress</src-attribute>
                    </direct-mapping>
                </export-flow>
                <export-flow cd-attribute="SPS-SourceObjectDN" id="{2B96EA14-3D04-4551-97AF-DF8D06207885}" suppress-deletions="false">
                    <direct-mapping>
                        <src-attribute>msDS-SourceObjectDN</src-attribute>
                    </direct-mapping>
                </export-flow>
                <export-flow cd-attribute="SPS-ClaimProviderID" id="{6D119630-7BEB-4814-A97E-78DBA7D05273}" suppress-deletions="false">
                    <direct-mapping>
                        <src-attribute>SPS-ClaimProviderID</src-attribute>
                    </direct-mapping>
                </export-flow>
                <export-flow cd-attribute="SPS-ClaimProviderType" id="{1ABACFBE-B4DB-4403-A223-C0E359EDFE13}" suppress-deletions="false">
                    <direct-mapping>
                        <src-attribute>SPS-ClaimProviderType</src-attribute>
                    </direct-mapping>
                </export-flow>
                <export-flow cd-attribute="SPS-PhoneticDisplayName" id="{64D90612-81EB-4E2D-A11C-8E7240F07A50}" suppress-deletions="false">
                    <direct-mapping>
                        <src-attribute>SPS-PhoneticDisplayName</src-attribute>
                    </direct-mapping>
                </export-flow>
                <export-flow cd-attribute="SPS-PhoneticFirstName" id="{EBDDC3D9-3AC5-489B-8516-FCA067A46130}" suppress-deletions="false">
                    <direct-mapping>
                        <src-attribute>SPS-PhoneticFirstName</src-attribute>
                    </direct-mapping>
                </export-flow>
                <export-flow cd-attribute="SPS-PhoneticLastName" id="{D79EE28A-C238-4BA4-80F3-713ED854397C}" suppress-deletions="false">
                    <direct-mapping>
                        <src-attribute>SPS-PhoneticLastName</src-attribute>
                    </direct-mapping>
                </export-flow>
                <export-flow cd-attribute="SPS-JobTitle" id="{7F28F1AE-58BB-4968-B01A-6A9A3A739A02}" suppress-deletions="false">
                    <direct-mapping>
                        <src-attribute>title</src-attribute>
                    </direct-mapping>
                </export-flow>
                <export-flow cd-attribute="SPS-Department" id="{4EAF529F-7E98-4B5A-B233-091A0C3ED8EE}" suppress-deletions="false">
                    <direct-mapping>
                        <src-attribute>department</src-attribute>
                    </direct-mapping>
                </export-flow>
            </export-flow-set>
            <export-flow-set cd-object-type="group" mv-object-type="group">
                <export-flow cd-attribute="ProfileIdentifier" id="{8E369F7D-7136-4F89-BD14-58CB8BCDCE8E}" suppress-deletions="true">
                    <direct-mapping>
                        <src-attribute>distinguishedName</src-attribute>
                    </direct-mapping>
                </export-flow>
                <export-flow cd-attribute="SID" id="{724A7FBB-5988-40B1-A246-69E1278F9B72}" suppress-deletions="true">
                    <direct-mapping>
                        <src-attribute>objectSid</src-attribute>
                    </direct-mapping>
                </export-flow>
                <export-flow cd-attribute="Description" id="{BF1E9D72-B634-4ECB-89A7-6B6CD250DEF4}" suppress-deletions="true">
                    <direct-mapping>
                        <src-attribute>description</src-attribute>
                    </direct-mapping>
                </export-flow>
                <export-flow cd-attribute="Url" id="{FDAD5AAC-502E-46D1-A28C-54137490D14A}" suppress-deletions="true">
                    <direct-mapping>
                        <src-attribute>url</src-attribute>
                    </direct-mapping>
                </export-flow>
                <export-flow cd-attribute="Member" id="{9080A703-063A-4008-BBC3-F61E7BAB21EC}" suppress-deletions="true">
                    <direct-mapping>
                        <src-attribute>member</src-attribute>
                    </direct-mapping>
                </export-flow>
                <export-flow cd-attribute="GroupType" id="{F0BC7FCA-E571-4750-B7E6-B96B4C3CC6E8}" suppress-deletions="true">
                    <direct-mapping>
                        <src-attribute>groupType</src-attribute>
                    </direct-mapping>
                </export-flow>
                <export-flow cd-attribute="MailNickName" id="{F3800D9E-2536-438B-B6C8-1528BB2270FE}" suppress-deletions="true">
                    <direct-mapping>
                        <src-attribute>mail</src-attribute>
                    </direct-mapping>
                </export-flow>
                <export-flow cd-attribute="PreferredName" id="{979797D0-AC99-4DBF-B418-161D7C9F5EA0}" suppress-deletions="true">
                    <scripted-mapping>
                        <src-attribute>displayName</src-attribute>
                        <src-attribute>distinguishedName</src-attribute>
                        <script-context>GetDisplayName:displayName,PreferredName</script-context>
                    </scripted-mapping>
                </export-flow>
            </export-flow-set>
            <export-flow-set cd-object-type="contact" mv-object-type="contact">
                <export-flow cd-attribute="SPS-SourceObjectDN" id="{546D69DB-371A-4710-B55B-90BF8A6709A1}" suppress-deletions="false">
                    <direct-mapping>
                        <src-attribute>msDS-SourceObjectDN</src-attribute>
                    </direct-mapping>
                </export-flow>
                <export-flow cd-attribute="PreferredName" id="{CFA26A73-073F-4D4C-ACA6-B053EB7B36B6}" suppress-deletions="false">
                    <scripted-mapping>
                        <src-attribute>displayName</src-attribute>
                        <src-attribute>distinguishedName</src-attribute>
                        <script-context>GetDisplayName:displayName,PreferredName</script-context>
                    </scripted-mapping>
                </export-flow>
                <export-flow cd-attribute="ProfileIdentifier" id="{8884D8B1-E3BA-4248-8C43-B2E6B11F9C42}" suppress-deletions="false">
                    <scripted-mapping>
                        <src-attribute>accountName</src-attribute>
                        <src-attribute>distinguishedName</src-attribute>
                        <script-context>GetDomain:distinguishedName,domain</script-context>
                    </scripted-mapping>
                </export-flow>
                <export-flow cd-attribute="SPS-DistinguishedName" id="{95C4002E-545E-4D4A-9D5A-F077705494A5}" suppress-deletions="false">
                    <direct-mapping>
                        <src-attribute>distinguishedName</src-attribute>
                    </direct-mapping>
                </export-flow>
            </export-flow-set>
        </export-attribute-flow>
        <provisioning-cleanup type="declared">
            <action>delete-object</action>
        </provisioning-cleanup>
        <extension>
            <assembly-name>SharePointSynchronization.dll</assembly-name>
            <application-protection>low</application-protection>
        </extension>
        <controller-configuration>
            <application-protection>low</application-protection>
            <application-architecture>process</application-architecture>
        </controller-configuration>
        <description>
        </description>
        <ma-ui-settings>
            <account-joiner-queries>
                <attributes>
                </attributes>
                <filters max_mv_search_results="">
                </filters>
            </account-joiner-queries>
        </ma-ui-settings>
        <private-configuration>
            <MAConfig>
                <ui-data>
                    <xmlwizard>
                        <properties>
                            <sample_file>
                            </sample_file>
                            <code_page_description>
                            </code_page_description>
                        </properties>
                        <partitions>
                            <partition cd_name="default" guid="{252D0683-DD99-4F2A-917A-541E6435A86F}" version="94">
                                <object_class>contact</object_class>
                                <object_class>group</object_class>
                                <object_class>user</object_class>
                            </partition>
                        </partitions>
                        <primary_class_mappings>
                            <mapping object_class="contact" primary_class="contact" user_define="0">
                                <attribute>ProfileIdentifier</attribute>
                                <attribute>PreferredName</attribute>
                                <attribute>domain</attribute>
                                <attribute>Anchor</attribute>
                                <attribute>export_password</attribute>
                            </mapping>
                            <mapping object_class="group" primary_class="group" user_define="0">
                                <attribute>ProfileIdentifier</attribute>
                                <attribute>SID</attribute>
                                <attribute>PreferredName</attribute>
                                <attribute>domain</attribute>
                                <attribute>Anchor</attribute>
                                <attribute>export_password</attribute>
                            </mapping>
                            <mapping object_class="user" primary_class="user" user_define="0">
                                <attribute>ProfileIdentifier</attribute>
                                <attribute>SID</attribute>
                                <attribute>domain</attribute>
                                <attribute>AccountName</attribute>
                                <attribute>FirstName</attribute>
                                <attribute>LastName</attribute>
                                <attribute>PreferredName</attribute>
                                <attribute>Picture</attribute>
                                <attribute>UserName</attribute>
                                <attribute>Anchor</attribute>
                                <attribute>export_password</attribute>
                            </mapping>
                        </primary_class_mappings>
                        <object_classes>
                            <object_class cd_name="contact" selected="-1" user_define="0" configured="-1" anchor="" dn_as_anchor="0">
                                <attribute mandatory="0">ProfileIdentifier</attribute>
                                <attribute mandatory="0">PreferredName</attribute>
                                <attribute mandatory="0">domain</attribute>
                                <attribute mandatory="-1">Anchor</attribute>
                                <attribute mandatory="0">export_password</attribute>
                            </object_class>
                            <object_class cd_name="group" selected="-1" user_define="0" configured="-1" anchor="" dn_as_anchor="0">
                                <attribute mandatory="0">ProfileIdentifier</attribute>
                                <attribute mandatory="0">SID</attribute>
                                <attribute mandatory="0">PreferredName</attribute>
                                <attribute mandatory="0">domain</attribute>
                                <attribute mandatory="-1">Anchor</attribute>
                                <attribute mandatory="0">export_password</attribute>
                            </object_class>
                            <object_class cd_name="user" selected="-1" user_define="0" configured="-1" anchor="" dn_as_anchor="0">
                                <attribute mandatory="0">ProfileIdentifier</attribute>
                                <attribute mandatory="0">SID</attribute>
                                <attribute mandatory="0">domain</attribute>
                                <attribute mandatory="0">AccountName</attribute>
                                <attribute mandatory="0">FirstName</attribute>
                                <attribute mandatory="0">LastName</attribute>
                                <attribute mandatory="0">PreferredName</attribute>
                                <attribute mandatory="0">Picture</attribute>
                                <attribute mandatory="0">UserName</attribute>
                                <attribute mandatory="-1">Anchor</attribute>
                                <attribute mandatory="0">export_password</attribute>
                            </object_class>
                        </object_classes>
                        <attributes>
                            <attribute cd_name="AccountName" sample_data="" binary="0" multi_valued="0" file_reference="0" selected="-1" lower_bound="" upper_bound="" type="String" user_define="0" />
                            <attribute cd_name="Anchor" sample_data="" binary="0" multi_valued="0" file_reference="0" selected="-1" lower_bound="" upper_bound="" type="String" user_define="0" />
                            <attribute cd_name="domain" sample_data="" binary="0" multi_valued="0" file_reference="0" selected="-1" lower_bound="" upper_bound="" type="String" user_define="0" />
                            <attribute cd_name="FirstName" sample_data="" binary="0" multi_valued="0" file_reference="0" selected="-1" lower_bound="" upper_bound="" type="String" user_define="0" />
                            <attribute cd_name="LastName" sample_data="" binary="0" multi_valued="0" file_reference="0" selected="-1" lower_bound="" upper_bound="" type="String" user_define="0" />
                            <attribute cd_name="Picture" sample_data="" binary="0" multi_valued="0" file_reference="0" selected="-1" lower_bound="" upper_bound="" type="Binary" user_define="0" />
                            <attribute cd_name="PreferredName" sample_data="" binary="0" multi_valued="0" file_reference="0" selected="-1" lower_bound="" upper_bound="" type="String" user_define="0" />
                            <attribute cd_name="ProfileIdentifier" sample_data="" binary="0" multi_valued="0" file_reference="0" selected="-1" lower_bound="" upper_bound="" type="String" user_define="0" />
                            <attribute cd_name="SID" sample_data="" binary="0" multi_valued="0" file_reference="0" selected="-1" lower_bound="" upper_bound="" type="Binary" user_define="0" />
                            <attribute cd_name="UserName" sample_data="" binary="0" multi_valued="0" file_reference="0" selected="-1" lower_bound="" upper_bound="" type="String" user_define="0" />
                            <attribute cd_name="export_password" sample_data="" binary="0" multi_valued="0" file_reference="0" selected="-1" lower_bound="" upper_bound="" type="String" user_define="0" />
                        </attributes>
                        <anchor>
                            <attribute object_class="contact">Anchor</attribute>
                            <attribute object_class="group">Anchor</attribute>
                            <attribute object_class="user">Anchor</attribute>
                        </anchor>
                    </xmlwizard>
                    <ma-help-text>Using this Connector you can synchronize with SharePoint Profile Store</ma-help-text>
                </ui-data>
                <importing>
                    <dn>
                        <attribute object_class="contact">Anchor</attribute>
                        <attribute object_class="group">Anchor</attribute>
                        <attribute object_class="user">Anchor</attribute>
                    </dn>
                    <anchor>
                        <attribute object_class="contact">Anchor</attribute>
                        <attribute object_class="group">Anchor</attribute>
                        <attribute object_class="user">Anchor</attribute>
                    </anchor>
                    <per-class-settings>
                        <class>
                            <name>contact</name>
                            <anchor>
                                <attribute>Anchor</attribute>
                            </anchor>
                        </class>
                        <class>
                            <name>group</name>
                            <anchor>
                                <attribute>Anchor</attribute>
                            </anchor>
                        </class>
                        <class>
                            <name>user</name>
                            <anchor>
                                <attribute>Anchor</attribute>
                            </anchor>
                        </class>
                    </per-class-settings>
                </importing>
                <exporting>
                </exporting>
                <ldap-dn>0</ldap-dn>
                <change_type_attribute>
                </change_type_attribute>
                <add_change_type_value>Add</add_change_type_value>
                <modify_change_type_value>Modify</modify_change_type_value>
                <delete_change_type_value>Delete</delete_change_type_value>
                <primary_class_mappings>
                    <mapping>
                        <primary_class>contact</primary_class>
                        <oc-value>contact</oc-value>
                    </mapping>
                    <mapping>
                        <primary_class>group</primary_class>
                        <oc-value>group</oc-value>
                    </mapping>
                    <mapping>
                        <primary_class>user</primary_class>
                        <oc-value>user</oc-value>
                    </mapping>
                </primary_class_mappings>
                <enable-unapplied-merge>0</enable-unapplied-merge>
                <password-extension-config>
                    <password-extension-enabled>0</password-extension-enabled>
                    <dll data-owner="ISV">
                    </dll>
                    <password-set-enabled>
                    </password-set-enabled>
                    <password-change-enabled>
                    </password-change-enabled>
                    <connection-info>
                        <connect-to>
                        </connect-to>
                        <user>
                        </user>
                    </connection-info>
                    <timeout>
                    </timeout>
                </password-extension-config>
                <file-type>Extensible2</file-type>
                <extension-config>
                    <filename data-owner="ISV">Microsoft.IdentityManagement.Connector.Sharepoint.dll</filename>
                    <import-default-page-size>50</import-default-page-size>
                    <import-max-page-size>500</import-max-page-size>
                    <export-default-page-size>50</export-default-page-size>
                    <export-max-page-size>500</export-max-page-size>
                    <export-mode data-owner="ISV">call-based</export-mode>
                    <import-mode>call-based</import-mode>
                    <export-enabled data-owner="ISV">1</export-enabled>
                    <import-enabled data-owner="ISV">1</import-enabled>
                    <capability-bits>2751862784</capability-bits>
                    <export-type>2</export-type>
                    <discovery-partition>
                    </discovery-partition>
                    <discovery-schema>extensibility</discovery-schema>
                    <discovery-hierarchy>
                    </discovery-hierarchy>
                    <password-management-enabled>
                    </password-management-enabled>
                    <assembly-version>4.3.1935.0</assembly-version>
                    <supports-parameters-ex>0</supports-parameters-ex>
                </extension-config>
                <parameter-definitions refreshSchema="0" refreshPartition="0" refreshConnectivityParameters="0" refreshGlobalParameters="0" refreshOtherParameters="0" refreshSchemaParameters="0" refreshCapabilitiesParameters="0">
                    <parameter>
                        <name>
                        </name>
                        <use>connectivity</use>
                        <type>label</type>
                        <validation>
                        </validation>
                        <text>SharePoint Server Info:</text>
                        <default-value>
                        </default-value>
                    </parameter>
                    <parameter>
                        <name>HTTP Protocol</name>
                        <use>connectivity</use>
                        <type>drop-down</type>
                        <validation>HTTP,HTTPS,</validation>
                        <text>
                        </text>
                        <default-value>HTTP</default-value>
                        <dropdown-extensible>0</dropdown-extensible>
                    </parameter>
                    <parameter>
                        <name>Host Name</name>
                        <use>connectivity</use>
                        <type>string</type>
                        <validation>
                        </validation>
                        <text>
                        </text>
                        <default-value>
                        </default-value>
                    </parameter>
                    <parameter>
                        <name>Port</name>
                        <use>connectivity</use>
                        <type>string</type>
                        <validation>
                        </validation>
                        <text>
                        </text>
                        <default-value>
                        </default-value>
                    </parameter>
                    <parameter>
                        <name>Application ID</name>
                        <use>connectivity</use>
                        <type>string</type>
                        <validation>
                        </validation>
                        <text>
                        </text>
                        <default-value>
                        </default-value>
                    </parameter>
                    <parameter>
                        <name>
                        </name>
                        <use>connectivity</use>
                        <type>divider</type>
                        <validation>
                        </validation>
                        <text>
                        </text>
                        <default-value>
                        </default-value>
                    </parameter>
                    <parameter>
                        <name>
                        </name>
                        <use>connectivity</use>
                        <type>label</type>
                        <validation>
                        </validation>
                        <text>SharePoint User Credential:</text>
                        <default-value>
                        </default-value>
                    </parameter>
                    <parameter>
                        <name>Domain</name>
                        <use>connectivity</use>
                        <type>string</type>
                        <validation>
                        </validation>
                        <text>
                        </text>
                        <default-value>
                        </default-value>
                    </parameter>
                    <parameter>
                        <name>User Name</name>
                        <use>connectivity</use>
                        <type>string</type>
                        <validation>
                        </validation>
                        <text>
                        </text>
                        <default-value>
                        </default-value>
                    </parameter>
                    <parameter>
                        <name>Password</name>
                        <use>connectivity</use>
                        <type>encrypted-string</type>
                        <validation>
                        </validation>
                        <text>
                        </text>
                        <default-value>
                        </default-value>
                    </parameter>
                    <parameter>
                        <name>
                        </name>
                        <use>connectivity</use>
                        <type>divider</type>
                        <validation>
                        </validation>
                        <text>
                        </text>
                        <default-value>
                        </default-value>
                    </parameter>
                    <parameter>
                        <name>
                        </name>
                        <use>connectivity</use>
                        <type>label</type>
                        <validation>
                        </validation>
                        <text>User Picture Settings:</text>
                        <default-value>
                        </default-value>
                    </parameter>
                    <parameter>
                        <name>Picture Flow Direction</name>
                        <use>connectivity</use>
                        <type>drop-down</type>
                        <validation>Import only (ALWAYS from SharePoint),Export only (NEVER from SharePoint),</validation>
                        <text>
                        </text>
                        <default-value>Import only (ALWAYS from SharePoint)</default-value>
                        <dropdown-extensible>0</dropdown-extensible>
                    </parameter>
                </parameter-definitions>
                <parameter-values>
                    <parameter name="Password" type="encrypted-string" use="connectivity" encrypted="1">
                    </parameter>
                    <parameter name="HTTP Protocol" type="drop-down" use="connectivity">HTTP</parameter>
                    <parameter name="Host Name" type="string" use="connectivity">SharePoint.Litware.com</parameter>
                    <parameter name="Port" type="string" use="connectivity">8080</parameter>
                    <parameter name="Application ID" type="string" use="connectivity">
                    </parameter>
                    <parameter name="Domain" type="string" use="connectivity">Litware</parameter>
                    <parameter name="User Name" type="string" use="connectivity">administrator</parameter>
                    <parameter name="Picture Flow Direction" type="drop-down" use="connectivity">Export only (NEVER from SharePoint)</parameter>
                </parameter-values>
                <case_normalize_dn_for_anchor>1</case_normalize_dn_for_anchor>
                <default_visible_attributes>
                    <attribute>Anchor</attribute>
                    <attribute>ProfileIdentifier</attribute>
                    <attribute>SID</attribute>
                    <attribute>SourceReference</attribute>
                    <attribute>GroupType</attribute>
                    <attribute>PreferredName</attribute>
                    <attribute>Description</attribute>
                    <attribute>Url</attribute>
                    <attribute>MailNickName</attribute>
                    <attribute>domain</attribute>
                    <attribute>Member</attribute>
                    <attribute>SPS-DistinguishedName</attribute>
                    <attribute>SPS-SourceObjectDN</attribute>
                    <attribute>UserName_Contact</attribute>
                    <attribute>UserProfile_GUID</attribute>
                    <attribute>AccountName</attribute>
                    <attribute>FirstName</attribute>
                    <attribute>SPS-PhoneticFirstName</attribute>
                    <attribute>LastName</attribute>
                    <attribute>SPS-PhoneticLastName</attribute>
                    <attribute>SPS-PhoneticDisplayName</attribute>
                    <attribute>WorkPhone</attribute>
                    <attribute>Department</attribute>
                    <attribute>Title</attribute>
                    <attribute>SPS-Department</attribute>
                    <attribute>Manager</attribute>
                    <attribute>AboutMe</attribute>
                    <attribute>PersonalSpace</attribute>
                    <attribute>Picture</attribute>
                    <attribute>UserName</attribute>
                    <attribute>QuickLinks</attribute>
                    <attribute>WebSite</attribute>
                    <attribute>PublicSiteRedirect</attribute>
                    <attribute>SPS-JobTitle</attribute>
                    <attribute>SPS-DataSource</attribute>
                    <attribute>SPS-MemberOf</attribute>
                    <attribute>SPS-Dotted-line</attribute>
                    <attribute>SPS-Peers</attribute>
                    <attribute>SPS-Responsibility</attribute>
                    <attribute>SPS-SipAddress</attribute>
                    <attribute>SPS-MySiteUpgrade</attribute>
                    <attribute>SPS-DontSuggestList</attribute>
                    <attribute>SPS-ProxyAddresses</attribute>
                    <attribute>SPS-HireDate</attribute>
                    <attribute>SPS-DisplayOrder</attribute>
                    <attribute>SPS-ClaimID</attribute>
                    <attribute>SPS-ClaimProviderID</attribute>
                    <attribute>SPS-LastColleagueAdded</attribute>
                    <attribute>SPS-OWAUrl</attribute>
                    <attribute>SPS-ResourceAccountName</attribute>
                    <attribute>SPS-MasterAccountName</attribute>
                    <attribute>SPS-UserPrincipalName</attribute>
                    <attribute>SPS-O15FirstRunExperience</attribute>
                    <attribute>SPS-PersonalSiteInstantiationState</attribute>
                    <attribute>SPS-LastKeywordAdded</attribute>
                    <attribute>SPS-ClaimProviderType</attribute>
                    <attribute>SPS-SavedAccountName</attribute>
                    <attribute>SPS-ObjectExists</attribute>
                    <attribute>SPS-PersonalSiteCapabilities</attribute>
                    <attribute>SPS-PersonalSiteFirstCreationTime</attribute>
                    <attribute>SPS-PersonalSiteLastCreationTime</attribute>
                    <attribute>SPS-PersonalSiteNumberOfRetries</attribute>
                    <attribute>SPS-PersonalSiteFirstCreationError</attribute>
                    <attribute>SPS-FeedIdentifier</attribute>
                    <attribute>WorkEmail</attribute>
                    <attribute>CellPhone</attribute>
                    <attribute>Fax</attribute>
                    <attribute>HomePhone</attribute>
                    <attribute>Office</attribute>
                    <attribute>SPS-Location</attribute>
                    <attribute>Assistant</attribute>
                    <attribute>SPS-PastProjects</attribute>
                    <attribute>SPS-Skills</attribute>
                    <attribute>SPS-School</attribute>
                    <attribute>SPS-Birthday</attribute>
                    <attribute>SPS-StatusNotes</attribute>
                    <attribute>SPS-Interests</attribute>
                    <attribute>SPS-HashTags</attribute>
                    <attribute>SPS-EmailOptin</attribute>
                    <attribute>SPS-PrivacyPeople</attribute>
                    <attribute>SPS-PrivacyActivity</attribute>
                    <attribute>SPS-PictureTimestamp</attribute>
                    <attribute>SPS-PicturePlaceholderState</attribute>
                    <attribute>SPS-PictureExchangeSyncState</attribute>
                    <attribute>SPS-MUILanguages</attribute>
                    <attribute>SPS-ContentLanguages</attribute>
                    <attribute>SPS-TimeZone</attribute>
                    <attribute>SPS-RegionalSettings-FollowWeb</attribute>
                    <attribute>SPS-Locale</attribute>
                    <attribute>SPS-CalendarType</attribute>
                    <attribute>SPS-AltCalendarType</attribute>
                    <attribute>SPS-AdjustHijriDays</attribute>
                    <attribute>SPS-ShowWeeks</attribute>
                    <attribute>SPS-WorkDays</attribute>
                    <attribute>SPS-WorkDayStartHour</attribute>
                    <attribute>SPS-WorkDayEndHour</attribute>
                    <attribute>SPS-Time24</attribute>
                    <attribute>SPS-FirstDayOfWeek</attribute>
                    <attribute>SPS-FirstWeekOfYear</attribute>
                    <attribute>SPS-RegionalSettings-Initialized</attribute>
                    <attribute>OfficeGraphEnabled</attribute>
                    <attribute>SPS-UserType</attribute>
                    <attribute>SPS-HideFromAddressLists</attribute>
                    <attribute>SPS-RecipientTypeDetails</attribute>
                    <attribute>DelveFlags</attribute>
                    <attribute>PulseMRUPeople</attribute>
                    <attribute>msOnline-ObjectId</attribute>
                    <attribute>SPS-PointPublishingUrl</attribute>
                    <attribute>SPS-TenantInstanceId</attribute>
                </default_visible_attributes>
            </MAConfig>
        </private-configuration>
        <SyncConfig-refresh-schema>0</SyncConfig-refresh-schema>
        <ma-partition-data>
            <partition>
                <id>{252D0683-DD99-4F2A-917A-541E6435A86F}</id>
                <name>default</name>
                <creation-time>2015-08-21 17:20:47.197</creation-time>
                <last-modification-time>2015-08-28 21:25:54.250</last-modification-time>
                <version>11</version>
                <selected>1</selected>
                <filter>
                    <object-classes>
                        <object-class>contact</object-class>
                        <object-class>group</object-class>
                        <object-class>user</object-class>
                    </object-classes>
                    <containers>
                        <exclusions />
                        <inclusions>
                            <inclusion>
                            </inclusion>
                        </inclusions>
                    </containers>
                </filter>
                <custom-data>
                    <ecma-partition-data>
                        <dn>default</dn>
                        <name>default</name>
                        <is-domain>1</is-domain>
                    </ecma-partition-data>
                    <water-mark></water-mark>
                </custom-data>
                <allowed-operations>30</allowed-operations>
                <current>
                    <batch-number>6</batch-number>
                    <sequence-number>302</sequence-number>
                </current>
                <last-successful-batch>5</last-successful-batch>
                <filter-hints>
                    <object-classes>
                        <object-class>
                            <name>contact</name>
                            <hierarchy>
                                <object-class>contact</object-class>
                            </hierarchy>
                            <included>1</included>
                        </object-class>
                        <object-class>
                            <name>group</name>
                            <hierarchy>
                                <object-class>group</object-class>
                            </hierarchy>
                            <included>1</included>
                        </object-class>
                        <object-class>
                            <name>user</name>
                            <hierarchy>
                                <object-class>user</object-class>
                            </hierarchy>
                            <included>1</included>
                        </object-class>
                    </object-classes>
                </filter-hints>
            </partition>
        </ma-partition-data>
        <ma-run-data>
            <run-configuration>
                <id>{E632212C-FCEC-42A0-8067-D3C37250B756}</id>
                <name>FullImport</name>
                <creation-time>2015-08-21 17:20:47.243</creation-time>
                <version>1</version>
                <last-modification-time>2015-08-21 17:20:47.243</last-modification-time>
                <configuration>
                    <step>
                        <step-type type="full-import">
                            <import-subtype>to-cs</import-subtype>
                        </step-type>
                        <threshold>
                            <batch-size>50</batch-size>
                        </threshold>
                        <partition>{252D0683-DD99-4F2A-917A-541E6435A86F}</partition>
                        <custom-data>
                            <extensible2-step-data>
                                <timeout>0</timeout>
                                <batch-size>50</batch-size>
                            </extensible2-step-data>
                            <parameter-values />
                        </custom-data>
                    </step>
                </configuration>
            </run-configuration>
            <run-configuration>
                <id>{6568D234-7F94-4B34-A63C-3A0DF433E9CE}</id>
                <name>FullSync</name>
                <creation-time>2015-08-21 17:20:47.243</creation-time>
                <version>1</version>
                <last-modification-time>2015-08-21 17:20:47.243</last-modification-time>
                <configuration>
                    <step>
                        <step-type type="apply-rules">
                            <apply-rules-subtype>reevaluate-flow-connectors</apply-rules-subtype>
                        </step-type>
                        <threshold>
                            <batch-size>1</batch-size>
                        </threshold>
                        <partition>{252D0683-DD99-4F2A-917A-541E6435A86F}</partition>
                        <custom-data>
                        </custom-data>
                    </step>
                </configuration>
            </run-configuration>
            <run-configuration>
                <id>{14946D6E-97EF-4C17-A1CC-D3A9F8CCBDAF}</id>
                <name>DeltaImport</name>
                <creation-time>2015-08-21 17:20:47.243</creation-time>
                <version>1</version>
                <last-modification-time>2015-08-21 17:20:47.243</last-modification-time>
                <configuration>
                    <step>
                        <step-type type="delta-import">
                            <import-subtype>to-cs</import-subtype>
                        </step-type>
                        <threshold>
                            <batch-size>50</batch-size>
                        </threshold>
                        <partition>{252D0683-DD99-4F2A-917A-541E6435A86F}</partition>
                        <custom-data>
                            <extensible2-step-data>
                                <timeout>0</timeout>
                                <batch-size>50</batch-size>
                            </extensible2-step-data>
                            <parameter-values />
                        </custom-data>
                    </step>
                </configuration>
            </run-configuration>
            <run-configuration>
                <id>{E7CC9485-6C37-4484-8EFA-4D06E9DC37DA}</id>
                <name>DeltaSync</name>
                <creation-time>2015-08-21 17:20:47.243</creation-time>
                <version>1</version>
                <last-modification-time>2015-08-21 17:20:47.243</last-modification-time>
                <configuration>
                    <step>
                        <step-type type="apply-rules">
                            <apply-rules-subtype>apply-pending</apply-rules-subtype>
                        </step-type>
                        <threshold>
                            <batch-size>1</batch-size>
                        </threshold>
                        <partition>{252D0683-DD99-4F2A-917A-541E6435A86F}</partition>
                        <custom-data>
                        </custom-data>
                    </step>
                </configuration>
            </run-configuration>
            <run-configuration>
                <id>{14014CF3-A5C4-46DC-891C-E7F6647B8D74}</id>
                <name>Export</name>
                <creation-time>2015-08-21 17:20:47.243</creation-time>
                <version>1</version>
                <last-modification-time>2015-08-21 17:20:47.243</last-modification-time>
                <configuration>
                    <step>
                        <step-type type="export">
                        </step-type>
                        <threshold>
                            <batch-size>50</batch-size>
                        </threshold>
                        <partition>{252D0683-DD99-4F2A-917A-541E6435A86F}</partition>
                        <custom-data>
                            <extensible2-step-data>
                                <timeout>0</timeout>
                                <batch-size>50</batch-size>
                            </extensible2-step-data>
                            <parameter-values />
                        </custom-data>
                    </step>
                </configuration>
            </run-configuration>
        </ma-run-data>
        <capabilities-mask>a4061801</capabilities-mask>
        <export-type>2</export-type>
        <dn-construction>
            <dn object-type="contact">
                <attribute>Anchor</attribute>
            </dn>
            <dn object-type="group">
                <attribute>Anchor</attribute>
            </dn>
            <dn object-type="user">
                <attribute>Anchor</attribute>
            </dn>
        </dn-construction>
        <password-sync>
            <maximum-retry-count>10</maximum-retry-count>
            <retry-interval>60</retry-interval>
            <allow-low-security>0</allow-low-security>
        </password-sync>
        <component_mappings />
    </ma-data>
</saved-ma-configuration>
