﻿<saved-mv-configuration server="LitwareSync" export-date="2015-08-28 21:46:41.638">
    <!--WARNING>
!!!!!!!!!!!!!!!!!!!!!!!!!!!!!!!!!!!!!!!!!!!!!!!!!!!!!!!!!!!!!!!!!!!
!!
!! The contents of this file should not be edited.
!! Any such modifications to this file may result in errors during import.
!!
!!!!!!!!!!!!!!!!!!!!!!!!!!!!!!!!!!!!!!!!!!!!!!!!!!!!!!!!!!!!!!!!!!!
</WARNING-->
    <mv-data>
        <format-version>1</format-version>
        <version>8</version>
        <schema>
            <dsml:dsml xmlns:dsml="http://www.dsml.org/DSML" xmlns:ms-dsml="http://www.microsoft.com/MMS/DSML">
                <dsml:directory-schema>
                    <dsml:class id="contact" type="structural">
                        <dsml:name>contact</dsml:name>
                        <dsml:attribute ref="#accountName" required="false" />
                        <dsml:attribute ref="#displayName" required="false" />
                        <dsml:attribute ref="#distinguishedName" required="false" />
                        <dsml:attribute ref="#msDS-SourceObjectDN" required="false" />
                        <dsml:attribute ref="#sAMAccountName" required="false" />
                        <dsml:attribute ref="#SPS-ObjectExists" required="false" />
                    </dsml:class>
                    <dsml:class id="crossref" type="structural">
                        <dsml:name>crossref</dsml:name>
                        <dsml:attribute ref="#nCName" required="false" />
                        <dsml:attribute ref="#nETBiosName" required="false" />
                        <dsml:attribute ref="#SPS-ObjectExists" required="false" />
                    </dsml:class>
                    <dsml:class id="function" type="structural">
                        <dsml:name>function</dsml:name>
                        <dsml:attribute ref="#assembly" required="true" />
                        <dsml:attribute ref="#csObjectID" required="true" />
                        <dsml:attribute ref="#description" required="false" />
                        <dsml:attribute ref="#displayName" required="true" />
                        <dsml:attribute ref="#functionName" required="true" />
                        <dsml:attribute ref="#functionParameters" required="true" />
                        <dsml:attribute ref="#namespace" required="true" />
                        <dsml:attribute ref="#objectID" required="true" />
                        <dsml:attribute ref="#objectType" required="true" />
                        <dsml:attribute ref="#returnType" required="true" />
                    </dsml:class>
                    <dsml:class id="synchronizationRule" type="structural">
                        <dsml:name>synchronizationRule</dsml:name>
                        <dsml:attribute ref="#connectedObjectType" required="true" />
                        <dsml:attribute ref="#connectedSystem" required="true" />
                        <dsml:attribute ref="#connectedSystemScope" required="false" />
                        <dsml:attribute ref="#msidmOutboundScopingFilters" required="false" />
                        <dsml:attribute ref="#createConnectedSystemObject" required="false" />
                        <dsml:attribute ref="#createILMObject" required="false" />
                        <dsml:attribute ref="#csObjectID" required="true" />
                        <dsml:attribute ref="#disconnectConnectedSystemObject" required="true" />
                        <dsml:attribute ref="#dependency" required="false" />
                        <dsml:attribute ref="#description" required="false" />
                        <dsml:attribute ref="#displayName" required="true" />
                        <dsml:attribute ref="#existenceTest" required="false" />
                        <dsml:attribute ref="#flowType" required="true" />
                        <dsml:attribute ref="#initialFlow" required="false" />
                        <dsml:attribute ref="#objectID" required="true" />
                        <dsml:attribute ref="#ilmObjectType" required="true" />
                        <dsml:attribute ref="#persistentFlow" required="false" />
                        <dsml:attribute ref="#precedence" required="false" />
                        <dsml:attribute ref="#relationshipCriteria" required="false" />
                        <dsml:attribute ref="#synchronizationRuleParameters" required="false" />
                        <dsml:attribute ref="#msidmOutboundIsFilterBased" required="false" />
                    </dsml:class>
                    <dsml:class id="expectedRuleEntry" type="structural">
                        <dsml:name>expectedRuleEntry</dsml:name>
                        <dsml:attribute ref="#createdTime" required="true" />
                        <dsml:attribute ref="#csObjectID" required="true" />
                        <dsml:attribute ref="#displayName" required="true" />
                        <dsml:attribute ref="#objectID" required="true" />
                        <dsml:attribute ref="#expectedRuleEntryAction" required="false" />
                        <dsml:attribute ref="#resourceParent" required="false" />
                        <dsml:attribute ref="#synchronizationRuleData" required="false" />
                        <dsml:attribute ref="#synchronizationRuleID" required="true" />
                        <dsml:attribute ref="#statusError" required="false" />
                        <dsml:attribute ref="#status" required="false" />
                    </dsml:class>
                    <dsml:class id="detectedRuleEntry" type="structural">
                        <dsml:name>detectedRuleEntry</dsml:name>
                        <dsml:attribute ref="#connector" required="false" />
                        <dsml:attribute ref="#csObjectID" required="true" />
                        <dsml:attribute ref="#displayName" required="true" />
                        <dsml:attribute ref="#objectID" required="true" />
                        <dsml:attribute ref="#objectType" required="true" />
                        <dsml:attribute ref="#resourceParent" required="false" />
                        <dsml:attribute ref="#synchronizationRuleID" required="true" />
                    </dsml:class>
                    <dsml:class id="person" type="structural">
                        <dsml:name>person</dsml:name>
                        <dsml:attribute ref="#accountName" required="true" />
                        <dsml:attribute ref="#ad_UserCannotChangePassword" required="false" />
                        <dsml:attribute ref="#address" required="false" />
                        <dsml:attribute ref="#assistant" required="false" />
                        <dsml:attribute ref="#authNWFLockedOut" required="false" />
                        <dsml:attribute ref="#authNWFRegistered" required="false" />
                        <dsml:attribute ref="#c" required="false" />
                        <dsml:attribute ref="#city" required="false" />
                        <dsml:attribute ref="#cn" required="false" />
                        <dsml:attribute ref="#co" required="false" />
                        <dsml:attribute ref="#comment" required="false" />
                        <dsml:attribute ref="#company" required="false" />
                        <dsml:attribute ref="#costCenter" required="false" />
                        <dsml:attribute ref="#costCenterName" required="false" />
                        <dsml:attribute ref="#country" required="false" />
                        <dsml:attribute ref="#creator" required="true" />
                        <dsml:attribute ref="#deleteTime" required="true" />
                        <dsml:attribute ref="#department" required="false" />
                        <dsml:attribute ref="#description" required="false" />
                        <dsml:attribute ref="#displayName" required="false" />
                        <dsml:attribute ref="#distinguishedName" required="false" />
                        <dsml:attribute ref="#division" required="false" />
                        <dsml:attribute ref="#domain" required="false" />
                        <dsml:attribute ref="#email" required="false" />
                        <dsml:attribute ref="#employeeEndDate" required="false" />
                        <dsml:attribute ref="#employeeStartDate" required="false" />
                        <dsml:attribute ref="#expirationTime" required="false" />
                        <dsml:attribute ref="#employeeID" required="false" />
                        <dsml:attribute ref="#employeeStatus" required="false" />
                        <dsml:attribute ref="#employeeType" required="false" />
                        <dsml:attribute ref="#facsimileTelephoneNumber" required="false" />
                        <dsml:attribute ref="#firstName" required="false" />
                        <dsml:attribute ref="#freezeCount" required="false" />
                        <dsml:attribute ref="#freezeLevel" required="false" />
                        <dsml:attribute ref="#generationQualifier" required="false" />
                        <dsml:attribute ref="#homePhone" required="false" />
                        <dsml:attribute ref="#info" required="false" />
                        <dsml:attribute ref="#initials" required="false" />
                        <dsml:attribute ref="#jobTitle" required="false" />
                        <dsml:attribute ref="#l" required="false" />
                        <dsml:attribute ref="#lastName" required="false" />
                        <dsml:attribute ref="#lastResetAttemptTime" required="false" />
                        <dsml:attribute ref="#location" required="false" />
                        <dsml:attribute ref="#loginName" required="false" />
                        <dsml:attribute ref="#manager" required="false" />
                        <dsml:attribute ref="#mobilePhone" required="false" />
                        <dsml:attribute ref="#mail" required="false" />
                        <dsml:attribute ref="#mailNickname" required="false" />
                        <dsml:attribute ref="#middleName" required="false" />
                        <dsml:attribute ref="#mobile" required="false" />
                        <dsml:attribute ref="#msDS-SourceObjectDN" required="false" />
                        <dsml:attribute ref="#o" required="false" />
                        <dsml:attribute ref="#objectID" required="true" />
                        <dsml:attribute ref="#objectSid" required="true" />
                        <dsml:attribute ref="#objectType" required="true" />
                        <dsml:attribute ref="#officeFax" required="false" />
                        <dsml:attribute ref="#officeLocation" required="false" />
                        <dsml:attribute ref="#officePhone" required="false" />
                        <dsml:attribute ref="#otherMailbox" required="false" />
                        <dsml:attribute ref="#ou" required="false" />
                        <dsml:attribute ref="#pager" required="false" />
                        <dsml:attribute ref="#personalTitle" required="false" />
                        <dsml:attribute ref="#photo" required="false" />
                        <dsml:attribute ref="#physicalDeliveryOfficeName" required="false" />
                        <dsml:attribute ref="#postOfficeBox" required="false" />
                        <dsml:attribute ref="#postalAddress" required="false" />
                        <dsml:attribute ref="#postalCode" required="false" />
                        <dsml:attribute ref="#proxyAddressCollection" required="true" />
                        <dsml:attribute ref="#register" required="false" />
                        <dsml:attribute ref="#registrationRequired" required="false" />
                        <dsml:attribute ref="#resetPassword" required="false" />
                        <dsml:attribute ref="#sAMAccountName" required="false" />
                        <dsml:attribute ref="#secretary" required="false" />
                        <dsml:attribute ref="#seeAlso" required="false" />
                        <dsml:attribute ref="#sIDHistory" required="false" />
                        <dsml:attribute ref="#sn" required="false" />
                        <dsml:attribute ref="#SPS-ClaimProviderID" required="false" />
                        <dsml:attribute ref="#SPS-ClaimProviderType" required="false" />
                        <dsml:attribute ref="#SPS-ObjectExists" required="false" />
                        <dsml:attribute ref="#SPS-PhoneticDisplayName" required="false" />
                        <dsml:attribute ref="#SPS-PhoneticFirstName" required="false" />
                        <dsml:attribute ref="#SPS-PhoneticLastName" required="false" />
                        <dsml:attribute ref="#SPS-SipAddress" required="false" />
                        <dsml:attribute ref="#SPS-UserPrincipalName" required="false" />
                        <dsml:attribute ref="#st" required="false" />
                        <dsml:attribute ref="#street" required="false" />
                        <dsml:attribute ref="#telephoneNumber" required="false" />
                        <dsml:attribute ref="#title" required="false" />
                        <dsml:attribute ref="#uid" required="false" />
                        <dsml:attribute ref="#userCertificate" required="false" />
                        <dsml:attribute ref="#userSMIMECertificate" required="false" />
                        <dsml:attribute ref="#givenName" required="false" />
                        <dsml:attribute ref="#expectedRulesList" required="false" />
                        <dsml:attribute ref="#detectedRulesList" required="false" />
                        <dsml:attribute ref="#csObjectID" required="true" />
                        <dsml:attribute ref="#wWWHomePage" required="false" />
                    </dsml:class>
                    <dsml:class id="organizationalUnit" type="structural">
                        <dsml:name>organizationalUnit</dsml:name>
                        <dsml:attribute ref="#company" required="false" />
                        <dsml:attribute ref="#description" required="false" />
                        <dsml:attribute ref="#displayName" required="false" />
                        <dsml:attribute ref="#facsimileTelephoneNumber" required="false" />
                        <dsml:attribute ref="#l" required="false" />
                        <dsml:attribute ref="#ou" required="false" />
                        <dsml:attribute ref="#physicalDeliveryOfficeName" required="false" />
                        <dsml:attribute ref="#postOfficeBox" required="false" />
                        <dsml:attribute ref="#postalAddress" required="false" />
                        <dsml:attribute ref="#postalCode" required="false" />
                        <dsml:attribute ref="#seeAlso" required="false" />
                        <dsml:attribute ref="#st" required="false" />
                        <dsml:attribute ref="#street" required="false" />
                        <dsml:attribute ref="#telephoneNumber" required="false" />
                    </dsml:class>
                    <dsml:class id="organization" type="structural">
                        <dsml:name>organization</dsml:name>
                        <dsml:attribute ref="#company" required="false" />
                        <dsml:attribute ref="#description" required="false" />
                        <dsml:attribute ref="#displayName" required="false" />
                        <dsml:attribute ref="#facsimileTelephoneNumber" required="false" />
                        <dsml:attribute ref="#l" required="false" />
                        <dsml:attribute ref="#o" required="false" />
                        <dsml:attribute ref="#physicalDeliveryOfficeName" required="false" />
                        <dsml:attribute ref="#postOfficeBox" required="false" />
                        <dsml:attribute ref="#postalAddress" required="false" />
                        <dsml:attribute ref="#postalCode" required="false" />
                        <dsml:attribute ref="#seeAlso" required="false" />
                        <dsml:attribute ref="#st" required="false" />
                        <dsml:attribute ref="#street" required="false" />
                        <dsml:attribute ref="#telephoneNumber" required="false" />
                    </dsml:class>
                    <dsml:class id="locality" type="structural">
                        <dsml:name>locality</dsml:name>
                        <dsml:attribute ref="#description" required="false" />
                        <dsml:attribute ref="#displayName" required="false" />
                        <dsml:attribute ref="#l" required="false" />
                        <dsml:attribute ref="#seeAlso" required="false" />
                        <dsml:attribute ref="#st" required="false" />
                        <dsml:attribute ref="#street" required="false" />
                    </dsml:class>
                    <dsml:class id="domain" type="structural">
                        <dsml:name>domain</dsml:name>
                        <dsml:attribute ref="#company" required="false" />
                        <dsml:attribute ref="#dc" required="false" />
                        <dsml:attribute ref="#description" required="false" />
                        <dsml:attribute ref="#displayName" required="false" />
                        <dsml:attribute ref="#distinguishedName" required="false" />
                        <dsml:attribute ref="#domainName" required="false" />
                        <dsml:attribute ref="#facsimileTelephoneNumber" required="false" />
                        <dsml:attribute ref="#l" required="false" />
                        <dsml:attribute ref="#o" required="false" />
                        <dsml:attribute ref="#physicalDeliveryOfficeName" required="false" />
                        <dsml:attribute ref="#postOfficeBox" required="false" />
                        <dsml:attribute ref="#postalAddress" required="false" />
                        <dsml:attribute ref="#postalCode" required="false" />
                        <dsml:attribute ref="#seeAlso" required="false" />
                        <dsml:attribute ref="#st" required="false" />
                        <dsml:attribute ref="#street" required="false" />
                        <dsml:attribute ref="#stringSID" required="false" />
                        <dsml:attribute ref="#telephoneNumber" required="false" />
                        <dsml:attribute ref="#type" required="false" />
                    </dsml:class>
                    <dsml:class id="computer" type="structural">
                        <dsml:name>computer</dsml:name>
                        <dsml:attribute ref="#cn" required="false" />
                        <dsml:attribute ref="#description" required="false" />
                        <dsml:attribute ref="#displayName" required="false" />
                        <dsml:attribute ref="#l" required="false" />
                        <dsml:attribute ref="#location" required="false" />
                        <dsml:attribute ref="#manager" required="false" />
                        <dsml:attribute ref="#o" required="false" />
                        <dsml:attribute ref="#ou" required="false" />
                        <dsml:attribute ref="#seeAlso" required="false" />
                    </dsml:class>
                    <dsml:class id="printer" type="structural">
                        <dsml:name>printer</dsml:name>
                        <dsml:attribute ref="#cn" required="false" />
                        <dsml:attribute ref="#description" required="false" />
                        <dsml:attribute ref="#displayName" required="false" />
                        <dsml:attribute ref="#l" required="false" />
                        <dsml:attribute ref="#location" required="false" />
                        <dsml:attribute ref="#manager" required="false" />
                        <dsml:attribute ref="#o" required="false" />
                        <dsml:attribute ref="#ou" required="false" />
                        <dsml:attribute ref="#seeAlso" required="false" />
                    </dsml:class>
                    <dsml:class id="group" type="structural">
                        <dsml:name>group</dsml:name>
                        <dsml:attribute ref="#accountName" required="false" />
                        <dsml:attribute ref="#cn" required="false" />
                        <dsml:attribute ref="#creator" required="true" />
                        <dsml:attribute ref="#csObjectID" required="true" />
                        <dsml:attribute ref="#deleteTime" required="true" />
                        <dsml:attribute ref="#description" required="false" />
                        <dsml:attribute ref="#displayedOwner" required="false" />
                        <dsml:attribute ref="#displayName" required="false" />
                        <dsml:attribute ref="#distinguishedName" required="false" />
                        <dsml:attribute ref="#domain" required="true" />
                        <dsml:attribute ref="#email" required="false" />
                        <dsml:attribute ref="#expirationTime" required="false" />
                        <dsml:attribute ref="#groupType" required="false" />
                        <dsml:attribute ref="#mail" required="false" />
                        <dsml:attribute ref="#mailNickname" required="false" />
                        <dsml:attribute ref="#manager" required="false" />
                        <dsml:attribute ref="#member" required="false" />
                        <dsml:attribute ref="#memberFilter" required="false" />
                        <dsml:attribute ref="#membershipAddWorkflow" required="true" />
                        <dsml:attribute ref="#membershipLocked" required="true" />
                        <dsml:attribute ref="#o" required="false" />
                        <dsml:attribute ref="#objectID" required="true" />
                        <dsml:attribute ref="#objectType" required="true" />
                        <dsml:attribute ref="#ou" required="false" />
                        <dsml:attribute ref="#owner" required="false" />
                        <dsml:attribute ref="#seeAlso" required="false" />
                        <dsml:attribute ref="#scope" required="true" />
                        <dsml:attribute ref="#temporal" required="false" />
                        <dsml:attribute ref="#type" required="true" />
                        <dsml:attribute ref="#uid" required="false" />
                        <dsml:attribute ref="#expectedRulesList" required="false" />
                        <dsml:attribute ref="#detectedRulesList" required="false" />
                        <dsml:attribute ref="#objectSid" required="true" />
                        <dsml:attribute ref="#sIDHistory" required="false" />
                        <dsml:attribute ref="#url" required="false" />
                    </dsml:class>
                    <dsml:class id="role" type="structural">
                        <dsml:name>role</dsml:name>
                        <dsml:attribute ref="#company" required="false" />
                        <dsml:attribute ref="#description" required="false" />
                        <dsml:attribute ref="#displayName" required="false" />
                        <dsml:attribute ref="#facsimileTelephoneNumber" required="false" />
                        <dsml:attribute ref="#l" required="false" />
                        <dsml:attribute ref="#member" required="false" />
                        <dsml:attribute ref="#ou" required="false" />
                        <dsml:attribute ref="#physicalDeliveryOfficeName" required="false" />
                        <dsml:attribute ref="#postOfficeBox" required="false" />
                        <dsml:attribute ref="#postalAddress" required="false" />
                        <dsml:attribute ref="#postalCode" required="false" />
                        <dsml:attribute ref="#seeAlso" required="false" />
                        <dsml:attribute ref="#st" required="false" />
                        <dsml:attribute ref="#street" required="false" />
                        <dsml:attribute ref="#telephoneNumber" required="false" />
                    </dsml:class>
                    <dsml:attribute-type id="assistant" single-value="true">
                        <dsml:name>assistant</dsml:name>
                        <dsml:syntax>1.3.6.1.4.1.1466.115.121.1.12</dsml:syntax>
                    </dsml:attribute-type>
                    <dsml:attribute-type id="c" single-value="true" ms-dsml:indexable="true">
                        <dsml:name>c</dsml:name>
                        <dsml:syntax>1.3.6.1.4.1.1466.115.121.1.15</dsml:syntax>
                    </dsml:attribute-type>
                    <dsml:attribute-type id="cn" single-value="true" ms-dsml:indexable="true">
                        <dsml:name>cn</dsml:name>
                        <dsml:syntax>1.3.6.1.4.1.1466.115.121.1.15</dsml:syntax>
                    </dsml:attribute-type>
                    <dsml:attribute-type id="co" single-value="true" ms-dsml:indexable="true">
                        <dsml:name>co</dsml:name>
                        <dsml:syntax>1.3.6.1.4.1.1466.115.121.1.15</dsml:syntax>
                    </dsml:attribute-type>
                    <dsml:attribute-type id="comment" single-value="true" ms-dsml:indexable="true">
                        <dsml:name>comment</dsml:name>
                        <dsml:syntax>1.3.6.1.4.1.1466.115.121.1.15</dsml:syntax>
                    </dsml:attribute-type>
                    <dsml:attribute-type id="company" single-value="true" ms-dsml:indexable="true">
                        <dsml:name>company</dsml:name>
                        <dsml:syntax>1.3.6.1.4.1.1466.115.121.1.15</dsml:syntax>
                    </dsml:attribute-type>
                    <dsml:attribute-type id="dc" single-value="true" ms-dsml:indexable="true">
                        <dsml:name>dc</dsml:name>
                        <dsml:syntax>1.3.6.1.4.1.1466.115.121.1.15</dsml:syntax>
                    </dsml:attribute-type>
                    <dsml:attribute-type id="department" single-value="true" ms-dsml:indexable="true">
                        <dsml:name>department</dsml:name>
                        <dsml:syntax>1.3.6.1.4.1.1466.115.121.1.15</dsml:syntax>
                    </dsml:attribute-type>
                    <dsml:attribute-type id="description" single-value="true" ms-dsml:indexable="true">
                        <dsml:name>description</dsml:name>
                        <dsml:syntax>1.3.6.1.4.1.1466.115.121.1.15</dsml:syntax>
                    </dsml:attribute-type>
                    <dsml:attribute-type id="displayName" single-value="true" ms-dsml:indexable="true">
                        <dsml:name>displayName</dsml:name>
                        <dsml:syntax>1.3.6.1.4.1.1466.115.121.1.15</dsml:syntax>
                    </dsml:attribute-type>
                    <dsml:attribute-type id="division" single-value="true" ms-dsml:indexable="true">
                        <dsml:name>division</dsml:name>
                        <dsml:syntax>1.3.6.1.4.1.1466.115.121.1.15</dsml:syntax>
                    </dsml:attribute-type>
                    <dsml:attribute-type id="employeeID" single-value="true" ms-dsml:indexable="true">
                        <dsml:name>employeeID</dsml:name>
                        <dsml:syntax>1.3.6.1.4.1.1466.115.121.1.15</dsml:syntax>
                    </dsml:attribute-type>
                    <dsml:attribute-type id="employeeStatus" single-value="true" ms-dsml:indexable="true">
                        <dsml:name>employeeStatus</dsml:name>
                        <dsml:syntax>1.3.6.1.4.1.1466.115.121.1.15</dsml:syntax>
                    </dsml:attribute-type>
                    <dsml:attribute-type id="employeeType" single-value="true" ms-dsml:indexable="true">
                        <dsml:name>employeeType</dsml:name>
                        <dsml:syntax>1.3.6.1.4.1.1466.115.121.1.15</dsml:syntax>
                    </dsml:attribute-type>
                    <dsml:attribute-type id="facsimileTelephoneNumber" single-value="true" ms-dsml:indexable="true">
                        <dsml:name>facsimileTelephoneNumber</dsml:name>
                        <dsml:syntax>1.3.6.1.4.1.1466.115.121.1.15</dsml:syntax>
                    </dsml:attribute-type>
                    <dsml:attribute-type id="generationQualifier" single-value="true" ms-dsml:indexable="true">
                        <dsml:name>generationQualifier</dsml:name>
                        <dsml:syntax>1.3.6.1.4.1.1466.115.121.1.15</dsml:syntax>
                    </dsml:attribute-type>
                    <dsml:attribute-type id="firstName" single-value="true" ms-dsml:indexable="true">
                        <dsml:name>firstName</dsml:name>
                        <dsml:syntax>1.3.6.1.4.1.1466.115.121.1.15</dsml:syntax>
                    </dsml:attribute-type>
                    <dsml:attribute-type id="homePhone" single-value="true" ms-dsml:indexable="true">
                        <dsml:name>homePhone</dsml:name>
                        <dsml:syntax>1.3.6.1.4.1.1466.115.121.1.15</dsml:syntax>
                    </dsml:attribute-type>
                    <dsml:attribute-type id="info" single-value="true" ms-dsml:indexable="true">
                        <dsml:name>info</dsml:name>
                        <dsml:syntax>1.3.6.1.4.1.1466.115.121.1.15</dsml:syntax>
                    </dsml:attribute-type>
                    <dsml:attribute-type id="initials" single-value="true" ms-dsml:indexable="true">
                        <dsml:name>initials</dsml:name>
                        <dsml:syntax>1.3.6.1.4.1.1466.115.121.1.15</dsml:syntax>
                    </dsml:attribute-type>
                    <dsml:attribute-type id="l" single-value="true" ms-dsml:indexable="true">
                        <dsml:name>l</dsml:name>
                        <dsml:syntax>1.3.6.1.4.1.1466.115.121.1.15</dsml:syntax>
                    </dsml:attribute-type>
                    <dsml:attribute-type id="location" single-value="true" ms-dsml:indexable="true">
                        <dsml:name>location</dsml:name>
                        <dsml:syntax>1.3.6.1.4.1.1466.115.121.1.15</dsml:syntax>
                    </dsml:attribute-type>
                    <dsml:attribute-type id="mail" single-value="true" ms-dsml:indexable="true">
                        <dsml:name>mail</dsml:name>
                        <dsml:syntax>1.3.6.1.4.1.1466.115.121.1.15</dsml:syntax>
                    </dsml:attribute-type>
                    <dsml:attribute-type id="mailNickname" single-value="true" ms-dsml:indexable="true">
                        <dsml:name>mailNickname</dsml:name>
                        <dsml:syntax>1.3.6.1.4.1.1466.115.121.1.15</dsml:syntax>
                    </dsml:attribute-type>
                    <dsml:attribute-type id="manager" single-value="true">
                        <dsml:name>manager</dsml:name>
                        <dsml:syntax>1.3.6.1.4.1.1466.115.121.1.12</dsml:syntax>
                    </dsml:attribute-type>
                    <dsml:attribute-type id="member">
                        <dsml:name>member</dsml:name>
                        <dsml:syntax>1.3.6.1.4.1.1466.115.121.1.12</dsml:syntax>
                    </dsml:attribute-type>
                    <dsml:attribute-type id="middleName" single-value="true" ms-dsml:indexable="true">
                        <dsml:name>middleName</dsml:name>
                        <dsml:syntax>1.3.6.1.4.1.1466.115.121.1.15</dsml:syntax>
                    </dsml:attribute-type>
                    <dsml:attribute-type id="mobile" single-value="true" ms-dsml:indexable="true">
                        <dsml:name>mobile</dsml:name>
                        <dsml:syntax>1.3.6.1.4.1.1466.115.121.1.15</dsml:syntax>
                    </dsml:attribute-type>
                    <dsml:attribute-type id="o" single-value="true" ms-dsml:indexable="true">
                        <dsml:name>o</dsml:name>
                        <dsml:syntax>1.3.6.1.4.1.1466.115.121.1.15</dsml:syntax>
                    </dsml:attribute-type>
                    <dsml:attribute-type id="otherMailbox" ms-dsml:indexable="true" ms-dsml:indexed="true">
                        <dsml:name>otherMailbox</dsml:name>
                        <dsml:syntax>1.3.6.1.4.1.1466.115.121.1.15</dsml:syntax>
                    </dsml:attribute-type>
                    <dsml:attribute-type id="ou" single-value="true" ms-dsml:indexable="true">
                        <dsml:name>ou</dsml:name>
                        <dsml:syntax>1.3.6.1.4.1.1466.115.121.1.15</dsml:syntax>
                    </dsml:attribute-type>
                    <dsml:attribute-type id="pager" single-value="true" ms-dsml:indexable="true">
                        <dsml:name>pager</dsml:name>
                        <dsml:syntax>1.3.6.1.4.1.1466.115.121.1.15</dsml:syntax>
                    </dsml:attribute-type>
                    <dsml:attribute-type id="personalTitle" single-value="true" ms-dsml:indexable="true">
                        <dsml:name>personalTitle</dsml:name>
                        <dsml:syntax>1.3.6.1.4.1.1466.115.121.1.15</dsml:syntax>
                    </dsml:attribute-type>
                    <dsml:attribute-type id="physicalDeliveryOfficeName" single-value="true" ms-dsml:indexable="true">
                        <dsml:name>physicalDeliveryOfficeName</dsml:name>
                        <dsml:syntax>1.3.6.1.4.1.1466.115.121.1.15</dsml:syntax>
                    </dsml:attribute-type>
                    <dsml:attribute-type id="postOfficeBox" single-value="true" ms-dsml:indexable="true">
                        <dsml:name>postOfficeBox</dsml:name>
                        <dsml:syntax>1.3.6.1.4.1.1466.115.121.1.15</dsml:syntax>
                    </dsml:attribute-type>
                    <dsml:attribute-type id="postalAddress" single-value="true" ms-dsml:indexable="true">
                        <dsml:name>postalAddress</dsml:name>
                        <dsml:syntax>1.3.6.1.4.1.1466.115.121.1.15</dsml:syntax>
                    </dsml:attribute-type>
                    <dsml:attribute-type id="postalCode" single-value="true" ms-dsml:indexable="true">
                        <dsml:name>postalCode</dsml:name>
                        <dsml:syntax>1.3.6.1.4.1.1466.115.121.1.15</dsml:syntax>
                    </dsml:attribute-type>
                    <dsml:attribute-type id="secretary" single-value="true">
                        <dsml:name>secretary</dsml:name>
                        <dsml:syntax>1.3.6.1.4.1.1466.115.121.1.12</dsml:syntax>
                    </dsml:attribute-type>
                    <dsml:attribute-type id="seeAlso" single-value="true">
                        <dsml:name>seeAlso</dsml:name>
                        <dsml:syntax>1.3.6.1.4.1.1466.115.121.1.12</dsml:syntax>
                    </dsml:attribute-type>
                    <dsml:attribute-type id="sn" single-value="true" ms-dsml:indexable="true">
                        <dsml:name>sn</dsml:name>
                        <dsml:syntax>1.3.6.1.4.1.1466.115.121.1.15</dsml:syntax>
                    </dsml:attribute-type>
                    <dsml:attribute-type id="st" single-value="true" ms-dsml:indexable="true">
                        <dsml:name>st</dsml:name>
                        <dsml:syntax>1.3.6.1.4.1.1466.115.121.1.15</dsml:syntax>
                    </dsml:attribute-type>
                    <dsml:attribute-type id="street" single-value="true" ms-dsml:indexable="true">
                        <dsml:name>street</dsml:name>
                        <dsml:syntax>1.3.6.1.4.1.1466.115.121.1.15</dsml:syntax>
                    </dsml:attribute-type>
                    <dsml:attribute-type id="telephoneNumber" single-value="true" ms-dsml:indexable="true">
                        <dsml:name>telephoneNumber</dsml:name>
                        <dsml:syntax>1.3.6.1.4.1.1466.115.121.1.15</dsml:syntax>
                    </dsml:attribute-type>
                    <dsml:attribute-type id="title" single-value="true" ms-dsml:indexable="true">
                        <dsml:name>title</dsml:name>
                        <dsml:syntax>1.3.6.1.4.1.1466.115.121.1.15</dsml:syntax>
                    </dsml:attribute-type>
                    <dsml:attribute-type id="uid" single-value="true" ms-dsml:indexable="true">
                        <dsml:name>uid</dsml:name>
                        <dsml:syntax>1.3.6.1.4.1.1466.115.121.1.15</dsml:syntax>
                    </dsml:attribute-type>
                    <dsml:attribute-type id="userCertificate">
                        <dsml:name>userCertificate</dsml:name>
                        <dsml:syntax>1.3.6.1.4.1.1466.115.121.1.5</dsml:syntax>
                    </dsml:attribute-type>
                    <dsml:attribute-type id="userSMIMECertificate">
                        <dsml:name>userSMIMECertificate</dsml:name>
                        <dsml:syntax>1.3.6.1.4.1.1466.115.121.1.5</dsml:syntax>
                    </dsml:attribute-type>
                    <!-- Additions for ILM2 -->
                    <dsml:attribute-type id="accountName" single-value="true" ms-dsml:indexable="true">
                        <dsml:name>accountName</dsml:name>
                        <dsml:syntax>1.3.6.1.4.1.1466.115.121.1.15</dsml:syntax>
                    </dsml:attribute-type>
                    <dsml:attribute-type id="jobTitle" single-value="true" ms-dsml:indexable="true">
                        <dsml:name>jobTitle</dsml:name>
                        <dsml:syntax>1.3.6.1.4.1.1466.115.121.1.15</dsml:syntax>
                    </dsml:attribute-type>
                    <dsml:attribute-type id="photo" single-value="true">
                        <dsml:name>photo</dsml:name>
                        <dsml:syntax>1.3.6.1.4.1.1466.115.121.1.5</dsml:syntax>
                    </dsml:attribute-type>
                    <dsml:attribute-type id="officeLocation" single-value="true" ms-dsml:indexable="true">
                        <dsml:name>officeLocation</dsml:name>
                        <dsml:syntax>1.3.6.1.4.1.1466.115.121.1.15</dsml:syntax>
                    </dsml:attribute-type>
                    <dsml:attribute-type id="address" single-value="true" ms-dsml:indexable="true">
                        <dsml:name>address</dsml:name>
                        <dsml:syntax>1.3.6.1.4.1.1466.115.121.1.15</dsml:syntax>
                    </dsml:attribute-type>
                    <dsml:attribute-type id="country" single-value="true" ms-dsml:indexable="true">
                        <dsml:name>country</dsml:name>
                        <dsml:syntax>1.3.6.1.4.1.1466.115.121.1.15</dsml:syntax>
                    </dsml:attribute-type>
                    <dsml:attribute-type id="lastName" single-value="true" ms-dsml:indexable="true">
                        <dsml:name>lastName</dsml:name>
                        <dsml:syntax>1.3.6.1.4.1.1466.115.121.1.15</dsml:syntax>
                    </dsml:attribute-type>
                    <dsml:attribute-type id="email" single-value="true" ms-dsml:indexable="true">
                        <dsml:name>email</dsml:name>
                        <dsml:syntax>1.3.6.1.4.1.1466.115.121.1.15</dsml:syntax>
                    </dsml:attribute-type>
                    <dsml:attribute-type id="officePhone" single-value="true" ms-dsml:indexable="true">
                        <dsml:name>officePhone</dsml:name>
                        <dsml:syntax>1.3.6.1.4.1.1466.115.121.1.15</dsml:syntax>
                    </dsml:attribute-type>
                    <dsml:attribute-type id="officeFax" single-value="true" ms-dsml:indexable="true">
                        <dsml:name>officeFax</dsml:name>
                        <dsml:syntax>1.3.6.1.4.1.1466.115.121.1.15</dsml:syntax>
                    </dsml:attribute-type>
                    <dsml:attribute-type id="domain" single-value="true" ms-dsml:indexable="true">
                        <dsml:name>domain</dsml:name>
                        <dsml:syntax>1.3.6.1.4.1.1466.115.121.1.15</dsml:syntax>
                    </dsml:attribute-type>
                    <dsml:attribute-type id="mobilePhone" single-value="true" ms-dsml:indexable="true">
                        <dsml:name>mobilePhone</dsml:name>
                        <dsml:syntax>1.3.6.1.4.1.1466.115.121.1.15</dsml:syntax>
                    </dsml:attribute-type>
                    <dsml:attribute-type id="city" single-value="true" ms-dsml:indexable="true">
                        <dsml:name>city</dsml:name>
                        <dsml:syntax>1.3.6.1.4.1.1466.115.121.1.15</dsml:syntax>
                    </dsml:attribute-type>
                    <dsml:attribute-type id="costCenter" single-value="true" ms-dsml:indexable="true">
                        <dsml:name>costCenter</dsml:name>
                        <dsml:syntax>1.3.6.1.4.1.1466.115.121.1.15</dsml:syntax>
                    </dsml:attribute-type>
                    <dsml:attribute-type id="costCenterName" single-value="true" ms-dsml:indexable="true">
                        <dsml:name>costCenterName</dsml:name>
                        <dsml:syntax>1.3.6.1.4.1.1466.115.121.1.15</dsml:syntax>
                    </dsml:attribute-type>
                    <dsml:attribute-type id="employeeStartDate" single-value="true" ms-dsml:indexable="true">
                        <dsml:name>employeeStartDate</dsml:name>
                        <dsml:syntax>1.3.6.1.4.1.1466.115.121.1.15</dsml:syntax>
                    </dsml:attribute-type>
                    <dsml:attribute-type id="employeeEndDate" single-value="true" ms-dsml:indexable="true">
                        <dsml:name>employeeEndDate</dsml:name>
                        <dsml:syntax>1.3.6.1.4.1.1466.115.121.1.15</dsml:syntax>
                    </dsml:attribute-type>
                    <dsml:attribute-type id="owner" single-value="false">
                        <dsml:name>owner</dsml:name>
                        <dsml:syntax>1.3.6.1.4.1.1466.115.121.1.12</dsml:syntax>
                    </dsml:attribute-type>
                    <dsml:attribute-type id="type" single-value="true" ms-dsml:indexable="true">
                        <dsml:name>type</dsml:name>
                        <dsml:syntax>1.3.6.1.4.1.1466.115.121.1.15</dsml:syntax>
                    </dsml:attribute-type>
                    <dsml:attribute-type id="scope" single-value="true" ms-dsml:indexable="true">
                        <dsml:name>scope</dsml:name>
                        <dsml:syntax>1.3.6.1.4.1.1466.115.121.1.15</dsml:syntax>
                    </dsml:attribute-type>
                    <dsml:attribute-type id="membershipLocked" single-value="true">
                        <dsml:name>membershipLocked</dsml:name>
                        <dsml:syntax>1.3.6.1.4.1.1466.115.121.1.7</dsml:syntax>
                    </dsml:attribute-type>
                    <dsml:attribute-type id="givenName" single-value="true" ms-dsml:indexable="true">
                        <dsml:name>givenName</dsml:name>
                        <dsml:syntax>1.3.6.1.4.1.1466.115.121.1.15</dsml:syntax>
                    </dsml:attribute-type>
                    <dsml:attribute-type id="loginName" single-value="true" ms-dsml:indexable="true">
                        <dsml:name>loginName</dsml:name>
                        <dsml:syntax>1.3.6.1.4.1.1466.115.121.1.15</dsml:syntax>
                    </dsml:attribute-type>
                    <dsml:attribute-type id="creator" single-value="true">
                        <dsml:name>creator</dsml:name>
                        <dsml:syntax>1.3.6.1.4.1.1466.115.121.1.12</dsml:syntax>
                    </dsml:attribute-type>
                    <dsml:attribute-type id="deleteTime" single-value="true" ms-dsml:indexable="true">
                        <dsml:name>deleteTime</dsml:name>
                        <dsml:syntax>1.3.6.1.4.1.1466.115.121.1.15</dsml:syntax>
                    </dsml:attribute-type>
                    <dsml:attribute-type id="expirationTime" single-value="true" ms-dsml:indexable="true">
                        <dsml:name>expirationTime</dsml:name>
                        <dsml:syntax>1.3.6.1.4.1.1466.115.121.1.15</dsml:syntax>
                    </dsml:attribute-type>
                    <dsml:attribute-type id="memberFilter" single-value="true" ms-dsml:indexable="false">
                        <dsml:name>memberFilter</dsml:name>
                        <dsml:syntax>1.3.6.1.4.1.1466.115.121.1.15</dsml:syntax>
                    </dsml:attribute-type>
                    <dsml:attribute-type id="membershipAddWorkflow" single-value="true" ms-dsml:indexable="true">
                        <dsml:name>membershipAddWorkflow</dsml:name>
                        <dsml:syntax>1.3.6.1.4.1.1466.115.121.1.15</dsml:syntax>
                    </dsml:attribute-type>
                    <dsml:attribute-type id="temporal" single-value="true">
                        <dsml:name>temporal</dsml:name>
                        <dsml:syntax>1.3.6.1.4.1.1466.115.121.1.7</dsml:syntax>
                    </dsml:attribute-type>
                    <dsml:attribute-type id="objectID" single-value="true">
                        <dsml:name>objectID</dsml:name>
                        <dsml:syntax>1.3.6.1.4.1.1466.115.121.1.15</dsml:syntax>
                    </dsml:attribute-type>
                    <dsml:attribute-type id="objectType" single-value="true" ms-dsml:indexable="true">
                        <dsml:name>objectType</dsml:name>
                        <dsml:syntax>1.3.6.1.4.1.1466.115.121.1.15</dsml:syntax>
                    </dsml:attribute-type>
                    <dsml:attribute-type id="ad_UserCannotChangePassword" single-value="true">
                        <dsml:name>ad_UserCannotChangePassword</dsml:name>
                        <dsml:syntax>1.3.6.1.4.1.1466.115.121.1.7</dsml:syntax>
                    </dsml:attribute-type>
                    <dsml:attribute-type id="authNWFLockedOut">
                        <dsml:name>authNWFLockedOut</dsml:name>
                        <dsml:syntax>1.3.6.1.4.1.1466.115.121.1.12</dsml:syntax>
                    </dsml:attribute-type>
                    <dsml:attribute-type id="authNWFRegistered">
                        <dsml:name>authNWFRegistered</dsml:name>
                        <dsml:syntax>1.3.6.1.4.1.1466.115.121.1.12</dsml:syntax>
                    </dsml:attribute-type>
                    <dsml:attribute-type id="freezeCount" single-value="true">
                        <dsml:name>freezeCount</dsml:name>
                        <dsml:syntax>1.3.6.1.4.1.1466.115.121.1.27</dsml:syntax>
                    </dsml:attribute-type>
                    <dsml:attribute-type id="freezeLevel" single-value="true" ms-dsml:indexable="true">
                        <dsml:name>freezeLevel</dsml:name>
                        <dsml:syntax>1.3.6.1.4.1.1466.115.121.1.15</dsml:syntax>
                    </dsml:attribute-type>
                    <dsml:attribute-type id="lastResetAttemptTime" single-value="true" ms-dsml:indexable="true">
                        <dsml:name>lastResetAttemptTime</dsml:name>
                        <dsml:syntax>1.3.6.1.4.1.1466.115.121.1.15</dsml:syntax>
                    </dsml:attribute-type>
                    <dsml:attribute-type id="proxyAddressCollection" ms-dsml:indexed="true" ms-dsml:indexable="true">
                        <dsml:name>proxyAddressCollection</dsml:name>
                        <dsml:syntax>1.3.6.1.4.1.1466.115.121.1.15</dsml:syntax>
                    </dsml:attribute-type>
                    <dsml:attribute-type id="register" single-value="true">
                        <dsml:name>register</dsml:name>
                        <dsml:syntax>1.3.6.1.4.1.1466.115.121.1.7</dsml:syntax>
                    </dsml:attribute-type>
                    <dsml:attribute-type id="registrationRequired" single-value="true">
                        <dsml:name>registrationRequired</dsml:name>
                        <dsml:syntax>1.3.6.1.4.1.1466.115.121.1.7</dsml:syntax>
                    </dsml:attribute-type>
                    <dsml:attribute-type id="resetPassword" single-value="true" ms-dsml:indexable="true">
                        <dsml:name>resetPassword</dsml:name>
                        <dsml:syntax>1.3.6.1.4.1.1466.115.121.1.15</dsml:syntax>
                    </dsml:attribute-type>
                    <dsml:attribute-type id="createdTime" single-value="true" ms-dsml:indexable="true">
                        <dsml:name>createdTime</dsml:name>
                        <dsml:syntax>1.3.6.1.4.1.1466.115.121.1.15</dsml:syntax>
                    </dsml:attribute-type>
                    <dsml:attribute-type id="csObjectID" single-value="true" ms-dsml:indexable="true">
                        <dsml:name>csObjectID</dsml:name>
                        <dsml:syntax>1.3.6.1.4.1.1466.115.121.1.15</dsml:syntax>
                    </dsml:attribute-type>
                    <dsml:attribute-type id="assembly" single-value="true">
                        <dsml:name>assembly</dsml:name>
                        <dsml:syntax>1.3.6.1.4.1.1466.115.121.1.15</dsml:syntax>
                    </dsml:attribute-type>
                    <dsml:attribute-type id="connectedObjectType" single-value="true">
                        <dsml:name>connectedObjectType</dsml:name>
                        <dsml:syntax>1.3.6.1.4.1.1466.115.121.1.15</dsml:syntax>
                    </dsml:attribute-type>
                    <dsml:attribute-type id="connectedSystem" single-value="true">
                        <dsml:name>connectedSystem</dsml:name>
                        <dsml:syntax>1.3.6.1.4.1.1466.115.121.1.15</dsml:syntax>
                    </dsml:attribute-type>
                    <dsml:attribute-type id="connectedSystemScope" single-value="true">
                        <dsml:name>connectedSystemScope</dsml:name>
                        <dsml:syntax>1.3.6.1.4.1.1466.115.121.1.15</dsml:syntax>
                    </dsml:attribute-type>
                    <dsml:attribute-type id="msidmOutboundScopingFilters" single-value="true">
                        <dsml:name>msidmOutboundScopingFilters</dsml:name>
                        <dsml:syntax>1.3.6.1.4.1.1466.115.121.1.15</dsml:syntax>
                    </dsml:attribute-type>
                    <dsml:attribute-type id="createConnectedSystemObject" single-value="true">
                        <dsml:name>createConnectedSystemObject</dsml:name>
                        <dsml:syntax>1.3.6.1.4.1.1466.115.121.1.7</dsml:syntax>
                    </dsml:attribute-type>
                    <dsml:attribute-type id="createILMObject" single-value="true">
                        <dsml:name>createILMObject</dsml:name>
                        <dsml:syntax>1.3.6.1.4.1.1466.115.121.1.7</dsml:syntax>
                    </dsml:attribute-type>
                    <dsml:attribute-type id="disconnectConnectedSystemObject" single-value="true">
                        <dsml:name>disconnectConnectedSystemObject</dsml:name>
                        <dsml:syntax>1.3.6.1.4.1.1466.115.121.1.7</dsml:syntax>
                    </dsml:attribute-type>
                    <dsml:attribute-type id="dependency" single-value="true">
                        <dsml:name>dependency</dsml:name>
                        <dsml:syntax>1.3.6.1.4.1.1466.115.121.1.12</dsml:syntax>
                    </dsml:attribute-type>
                    <dsml:attribute-type id="detectedRulesList" single-value="false">
                        <dsml:name>detectedRulesList</dsml:name>
                        <dsml:syntax>1.3.6.1.4.1.1466.115.121.1.12</dsml:syntax>
                    </dsml:attribute-type>
                    <dsml:attribute-type id="existenceTest" single-value="false">
                        <dsml:name>existenceTest</dsml:name>
                        <dsml:syntax>1.3.6.1.4.1.1466.115.121.1.15</dsml:syntax>
                    </dsml:attribute-type>
                    <dsml:attribute-type id="expectedRulesList" single-value="false">
                        <dsml:name>expectedRulesList</dsml:name>
                        <dsml:syntax>1.3.6.1.4.1.1466.115.121.1.12</dsml:syntax>
                    </dsml:attribute-type>
                    <dsml:attribute-type id="expectedRuleEntryAction" single-value="true">
                        <dsml:name>expectedRuleEntryAction</dsml:name>
                        <dsml:syntax>1.3.6.1.4.1.1466.115.121.1.15</dsml:syntax>
                    </dsml:attribute-type>
                    <dsml:attribute-type id="flowType" single-value="true">
                        <dsml:name>flowType</dsml:name>
                        <dsml:syntax>1.3.6.1.4.1.1466.115.121.1.27</dsml:syntax>
                    </dsml:attribute-type>
                    <dsml:attribute-type id="functionName" single-value="true">
                        <dsml:name>functionName</dsml:name>
                        <dsml:syntax>1.3.6.1.4.1.1466.115.121.1.15</dsml:syntax>
                    </dsml:attribute-type>
                    <dsml:attribute-type id="functionParameters" single-value="true">
                        <dsml:name>functionParameters</dsml:name>
                        <dsml:syntax>1.3.6.1.4.1.1466.115.121.1.15</dsml:syntax>
                    </dsml:attribute-type>
                    <dsml:attribute-type id="ilmObjectType" single-value="true">
                        <dsml:name>ilmObjectType</dsml:name>
                        <dsml:syntax>1.3.6.1.4.1.1466.115.121.1.15</dsml:syntax>
                    </dsml:attribute-type>
                    <dsml:attribute-type id="initialFlow" single-value="false">
                        <dsml:name>initialFlow</dsml:name>
                        <dsml:syntax>1.3.6.1.4.1.1466.115.121.1.15</dsml:syntax>
                    </dsml:attribute-type>
                    <dsml:attribute-type id="msidmOutboundIsFilterBased" single-value="true">
                        <dsml:name>msidmOutboundIsFilterBased</dsml:name>
                        <dsml:syntax>1.3.6.1.4.1.1466.115.121.1.7</dsml:syntax>
                    </dsml:attribute-type>
                    <dsml:attribute-type id="namespace" single-value="true">
                        <dsml:name>namespace</dsml:name>
                        <dsml:syntax>1.3.6.1.4.1.1466.115.121.1.15</dsml:syntax>
                    </dsml:attribute-type>
                    <dsml:attribute-type id="persistentFlow" single-value="false">
                        <dsml:name>persistentFlow</dsml:name>
                        <dsml:syntax>1.3.6.1.4.1.1466.115.121.1.15</dsml:syntax>
                    </dsml:attribute-type>
                    <dsml:attribute-type id="precedence" single-value="true">
                        <dsml:name>precedence</dsml:name>
                        <dsml:syntax>1.3.6.1.4.1.1466.115.121.1.27</dsml:syntax>
                    </dsml:attribute-type>
                    <dsml:attribute-type id="relationshipCriteria" single-value="true">
                        <dsml:name>relationshipCriteria</dsml:name>
                        <dsml:syntax>1.3.6.1.4.1.1466.115.121.1.15</dsml:syntax>
                    </dsml:attribute-type>
                    <dsml:attribute-type id="returnType" single-value="true">
                        <dsml:name>returnType</dsml:name>
                        <dsml:syntax>1.3.6.1.4.1.1466.115.121.1.15</dsml:syntax>
                    </dsml:attribute-type>
                    <dsml:attribute-type id="synchronizationRuleData" single-value="false">
                        <dsml:name>synchronizationRuleData</dsml:name>
                        <dsml:syntax>1.3.6.1.4.1.1466.115.121.1.15</dsml:syntax>
                    </dsml:attribute-type>
                    <dsml:attribute-type id="synchronizationRuleID" single-value="true">
                        <dsml:name>synchronizationRuleID</dsml:name>
                        <dsml:syntax>1.3.6.1.4.1.1466.115.121.1.12</dsml:syntax>
                    </dsml:attribute-type>
                    <dsml:attribute-type id="status" ms-dsml:indexable="true" single-value="true">
                        <dsml:name>status</dsml:name>
                        <dsml:syntax>1.3.6.1.4.1.1466.115.121.1.15</dsml:syntax>
                    </dsml:attribute-type>
                    <dsml:attribute-type id="statusError" single-value="true">
                        <dsml:name>statusError</dsml:name>
                        <dsml:syntax>1.3.6.1.4.1.1466.115.121.1.15</dsml:syntax>
                    </dsml:attribute-type>
                    <dsml:attribute-type id="synchronizationRuleParameters" single-value="false">
                        <dsml:name>synchronizationRuleParameters</dsml:name>
                        <dsml:syntax>1.3.6.1.4.1.1466.115.121.1.15</dsml:syntax>
                    </dsml:attribute-type>
                    <dsml:attribute-type id="displayedOwner" single-value="true">
                        <dsml:name>displayedOwner</dsml:name>
                        <dsml:syntax>1.3.6.1.4.1.1466.115.121.1.12</dsml:syntax>
                    </dsml:attribute-type>
                    <dsml:attribute-type id="connector" single-value="true">
                        <dsml:name>connector</dsml:name>
                        <dsml:syntax>1.3.6.1.4.1.1466.115.121.1.15</dsml:syntax>
                    </dsml:attribute-type>
                    <dsml:attribute-type id="resourceParent" single-value="true">
                        <dsml:name>resourceParent</dsml:name>
                        <dsml:syntax>1.3.6.1.4.1.1466.115.121.1.12</dsml:syntax>
                    </dsml:attribute-type>
                    <dsml:attribute-type id="objectSid" single-value="true" ms-dsml:indexable="true">
                        <dsml:name>objectSid</dsml:name>
                        <dsml:syntax>1.3.6.1.4.1.1466.115.121.1.5</dsml:syntax>
                    </dsml:attribute-type>
                    <dsml:attribute-type id="sIDHistory" single-value="false" ms-dsml:indexable="false">
                        <dsml:name>sIDHistory</dsml:name>
                        <dsml:syntax>1.3.6.1.4.1.1466.115.121.1.5</dsml:syntax>
                    </dsml:attribute-type>
                    <dsml:attribute-type id="sAMAccountName" single-value="true">
                        <dsml:name>sAMAccountName</dsml:name>
                        <dsml:syntax>1.3.6.1.4.1.1466.115.121.1.15</dsml:syntax>
                    </dsml:attribute-type>
                    <dsml:attribute-type id="SPS-UserPrincipalName" single-value="true" ms-dsml:indexable="true">
                        <dsml:name>SPS-UserPrincipalName</dsml:name>
                        <dsml:syntax>1.3.6.1.4.1.1466.115.121.1.15</dsml:syntax>
                    </dsml:attribute-type>
                    <dsml:attribute-type id="stringSID" single-value="true" ms-dsml:indexed="true" ms-dsml:indexable="true">
                        <dsml:name>stringSID</dsml:name>
                        <dsml:syntax>1.3.6.1.4.1.1466.115.121.1.15</dsml:syntax>
                    </dsml:attribute-type>
                    <dsml:attribute-type id="domainName" single-value="true" ms-dsml:indexable="true">
                        <dsml:name>domainName</dsml:name>
                        <dsml:syntax>1.3.6.1.4.1.1466.115.121.1.15</dsml:syntax>
                    </dsml:attribute-type>
                    <dsml:attribute-type id="distinguishedName" single-value="true" ms-dsml:indexable="true" ms-dsml:indexed="true">
                        <dsml:name>distinguishedName</dsml:name>
                        <dsml:syntax>1.3.6.1.4.1.1466.115.121.1.15</dsml:syntax>
                    </dsml:attribute-type>
                    <dsml:attribute-type id="nETBiosName" single-value="true">
                        <dsml:name>nETBiosName</dsml:name>
                        <dsml:syntax>1.3.6.1.4.1.1466.115.121.1.15</dsml:syntax>
                    </dsml:attribute-type>
                    <dsml:attribute-type id="nCName" single-value="true" ms-dsml:indexed="true" ms-dsml:indexable="true">
                        <dsml:name>nCName</dsml:name>
                        <dsml:syntax>1.3.6.1.4.1.1466.115.121.1.15</dsml:syntax>
                    </dsml:attribute-type>
                    <dsml:attribute-type id="SPS-ObjectExists" single-value="true">
                        <dsml:name>SPS-ObjectExists</dsml:name>
                        <dsml:syntax>1.3.6.1.4.1.1466.115.121.1.15</dsml:syntax>
                    </dsml:attribute-type>
                    <dsml:attribute-type id="groupType" single-value="true">
                        <dsml:name>groupType</dsml:name>
                        <dsml:syntax>1.3.6.1.4.1.1466.115.121.1.27</dsml:syntax>
                    </dsml:attribute-type>
                    <dsml:attribute-type id="url" single-value="true" ms-dsml:indexable="true">
                        <dsml:name>url</dsml:name>
                        <dsml:syntax>1.3.6.1.4.1.1466.115.121.1.15</dsml:syntax>
                    </dsml:attribute-type>
                    <dsml:attribute-type id="SPS-ClaimProviderType" single-value="true" ms-dsml:indexable="true">
                        <dsml:name>SPS-ClaimProviderType</dsml:name>
                        <dsml:syntax>1.3.6.1.4.1.1466.115.121.1.15</dsml:syntax>
                    </dsml:attribute-type>
                    <dsml:attribute-type id="SPS-ClaimProviderID" single-value="true" ms-dsml:indexable="true">
                        <dsml:name>SPS-ClaimProviderID</dsml:name>
                        <dsml:syntax>1.3.6.1.4.1.1466.115.121.1.15</dsml:syntax>
                    </dsml:attribute-type>
                    <dsml:attribute-type id="SPS-PhoneticDisplayName" single-value="true" ms-dsml:indexable="true">
                        <dsml:name>SPS-PhoneticDisplayName</dsml:name>
                        <dsml:syntax>1.3.6.1.4.1.1466.115.121.1.15</dsml:syntax>
                    </dsml:attribute-type>
                    <dsml:attribute-type id="SPS-PhoneticFirstName" single-value="true" ms-dsml:indexable="true">
                        <dsml:name>SPS-PhoneticFirstName</dsml:name>
                        <dsml:syntax>1.3.6.1.4.1.1466.115.121.1.15</dsml:syntax>
                    </dsml:attribute-type>
                    <dsml:attribute-type id="SPS-PhoneticLastName" single-value="true" ms-dsml:indexable="true">
                        <dsml:name>SPS-PhoneticLastName</dsml:name>
                        <dsml:syntax>1.3.6.1.4.1.1466.115.121.1.15</dsml:syntax>
                    </dsml:attribute-type>
                    <dsml:attribute-type id="wWWHomePage" single-value="true" ms-dsml:indexable="true">
                        <dsml:name>wWWHomePage</dsml:name>
                        <dsml:syntax>1.3.6.1.4.1.1466.115.121.1.15</dsml:syntax>
                    </dsml:attribute-type>
                    <dsml:attribute-type id="SPS-SipAddress" single-value="true" ms-dsml:indexable="true">
                        <dsml:name>SPS-SipAddress</dsml:name>
                        <dsml:syntax>1.3.6.1.4.1.1466.115.121.1.15</dsml:syntax>
                    </dsml:attribute-type>
                    <dsml:attribute-type id="msDS-SourceObjectDN" single-value="true" ms-dsml:indexable="true">
                        <dsml:name>msDS-SourceObjectDN</dsml:name>
                        <dsml:syntax>1.3.6.1.4.1.1466.115.121.1.15</dsml:syntax>
                    </dsml:attribute-type>
                </dsml:directory-schema>
            </dsml:dsml>
        </schema>
        <import-attribute-flow>
            <import-flow-set mv-object-type="person">
                <import-flows mv-attribute="accountName" type="ranked">
                    <import-flow src-ma="{B7E2CB7A-53E4-40E3-B7FB-DEA880F16212}" cd-object-type="user" id="{1E300B63-8ED1-428F-88D6-AB500974A235}">
                        <direct-mapping>
                            <src-attribute>sAMAccountName</src-attribute>
                        </direct-mapping>
                    </import-flow>
                </import-flows>
                <import-flows mv-attribute="displayName" type="ranked">
                    <import-flow src-ma="{B7E2CB7A-53E4-40E3-B7FB-DEA880F16212}" cd-object-type="user" id="{3C88E760-AD32-440B-B9DF-860D86CC42A8}">
                        <direct-mapping>
                            <src-attribute>displayName</src-attribute>
                        </direct-mapping>
                    </import-flow>
                </import-flows>
                <import-flows mv-attribute="mail" type="ranked">
                    <import-flow src-ma="{B7E2CB7A-53E4-40E3-B7FB-DEA880F16212}" cd-object-type="user" id="{03794CD0-B642-45C1-98DF-AFA7F18A102B}">
                        <direct-mapping>
                            <src-attribute>mail</src-attribute>
                        </direct-mapping>
                    </import-flow>
                </import-flows>
                <import-flows mv-attribute="objectSid" type="ranked">
                    <import-flow src-ma="{B7E2CB7A-53E4-40E3-B7FB-DEA880F16212}" cd-object-type="user" id="{E6E67482-F05A-4E68-8AF1-BA25D51D5B56}">
                        <direct-mapping>
                            <src-attribute>objectSid</src-attribute>
                        </direct-mapping>
                    </import-flow>
                </import-flows>
                <import-flows mv-attribute="sAMAccountName" type="ranked">
                    <import-flow src-ma="{B7E2CB7A-53E4-40E3-B7FB-DEA880F16212}" cd-object-type="user" id="{A20EF447-A0EA-4D58-9DAE-66842C5A746C}">
                        <direct-mapping>
                            <src-attribute>sAMAccountName</src-attribute>
                        </direct-mapping>
                    </import-flow>
                </import-flows>
                <import-flows mv-attribute="telephoneNumber" type="ranked">
                    <import-flow src-ma="{B7E2CB7A-53E4-40E3-B7FB-DEA880F16212}" cd-object-type="user" id="{790F82A6-2338-4670-916C-10BBA18250DC}">
                        <direct-mapping>
                            <src-attribute>telephoneNumber</src-attribute>
                        </direct-mapping>
                    </import-flow>
                </import-flows>
                <import-flows mv-attribute="firstName" type="ranked">
                    <import-flow src-ma="{B7E2CB7A-53E4-40E3-B7FB-DEA880F16212}" cd-object-type="user" id="{B9568051-A2B6-4B4B-8C3E-3C02BEB32347}">
                        <direct-mapping>
                            <src-attribute>givenName</src-attribute>
                        </direct-mapping>
                    </import-flow>
                </import-flows>
                <import-flows mv-attribute="lastName" type="ranked">
                    <import-flow src-ma="{B7E2CB7A-53E4-40E3-B7FB-DEA880F16212}" cd-object-type="user" id="{86B88884-9283-4284-B9AA-EAC169E976B9}">
                        <direct-mapping>
                            <src-attribute>sn</src-attribute>
                        </direct-mapping>
                    </import-flow>
                </import-flows>
                <import-flows mv-attribute="SPS-UserPrincipalName" type="ranked">
                    <import-flow src-ma="{B7E2CB7A-53E4-40E3-B7FB-DEA880F16212}" cd-object-type="user" id="{51448501-22C1-4212-91E2-BBCE891CC89B}">
                        <direct-mapping>
                            <src-attribute>userPrincipalName</src-attribute>
                        </direct-mapping>
                    </import-flow>
                </import-flows>
                <import-flows mv-attribute="manager" type="ranked">
                    <import-flow src-ma="{B7E2CB7A-53E4-40E3-B7FB-DEA880F16212}" cd-object-type="user" id="{8446A221-8CDB-43F0-9F32-EA6859A7FB00}">
                        <direct-mapping>
                            <src-attribute>manager</src-attribute>
                        </direct-mapping>
                    </import-flow>
                </import-flows>
                <import-flows mv-attribute="distinguishedName" type="ranked">
                    <import-flow src-ma="{B7E2CB7A-53E4-40E3-B7FB-DEA880F16212}" cd-object-type="user" id="{BFC5BAEA-2BAE-47EC-8230-EF98A17EC0FE}">
                        <direct-mapping>
                            <src-attribute intrinsic="true">dn</src-attribute>
                        </direct-mapping>
                    </import-flow>
                </import-flows>
                <import-flows mv-attribute="SPS-ClaimProviderType" type="ranked">
                    <import-flow src-ma="{B7E2CB7A-53E4-40E3-B7FB-DEA880F16212}" cd-object-type="user" id="{33B9A9C1-CEC1-4864-8C4F-7162672AA648}">
                        <constant-mapping>
                            <constant-value>Windows</constant-value>
                        </constant-mapping>
                    </import-flow>
                </import-flows>
                <import-flows mv-attribute="SPS-ClaimProviderID" type="ranked">
                    <import-flow src-ma="{B7E2CB7A-53E4-40E3-B7FB-DEA880F16212}" cd-object-type="user" id="{CC6EA3F1-EC13-46CB-B964-3FFC78AFBBE2}">
                        <constant-mapping>
                            <constant-value>Windows</constant-value>
                        </constant-mapping>
                    </import-flow>
                </import-flows>
                <import-flows mv-attribute="SPS-ObjectExists" type="ranked">
                    <import-flow src-ma="{B7E2CB7A-53E4-40E3-B7FB-DEA880F16212}" cd-object-type="user" id="{0F4CA87F-AD8C-4927-B383-EA9E1CE79E97}">
                        <constant-mapping>
                            <constant-value>1</constant-value>
                        </constant-mapping>
                    </import-flow>
                </import-flows>
                <import-flows mv-attribute="physicalDeliveryOfficeName" type="ranked">
                    <import-flow src-ma="{B7E2CB7A-53E4-40E3-B7FB-DEA880F16212}" cd-object-type="user" id="{7D9A7C05-2829-4F8C-946D-ED12807BA5B6}">
                        <direct-mapping>
                            <src-attribute>physicalDeliveryOfficeName</src-attribute>
                        </direct-mapping>
                    </import-flow>
                </import-flows>
                <import-flows mv-attribute="title" type="ranked">
                    <import-flow src-ma="{B7E2CB7A-53E4-40E3-B7FB-DEA880F16212}" cd-object-type="user" id="{7B9C0C8F-4E35-47E6-B171-28788DB6A274}">
                        <direct-mapping>
                            <src-attribute>title</src-attribute>
                        </direct-mapping>
                    </import-flow>
                </import-flows>
                <import-flows mv-attribute="SPS-PhoneticDisplayName" type="ranked">
                    <import-flow src-ma="{B7E2CB7A-53E4-40E3-B7FB-DEA880F16212}" cd-object-type="user" id="{A76F2152-6AF3-47E3-8E00-03C20D04196D}">
                        <direct-mapping>
                            <src-attribute>msDS-PhoneticDisplayName</src-attribute>
                        </direct-mapping>
                    </import-flow>
                </import-flows>
                <import-flows mv-attribute="SPS-PhoneticFirstName" type="ranked">
                    <import-flow src-ma="{B7E2CB7A-53E4-40E3-B7FB-DEA880F16212}" cd-object-type="user" id="{700EBA4C-9496-4E85-B465-5B6F7E9720FA}">
                        <direct-mapping>
                            <src-attribute>msDS-PhoneticFirstName</src-attribute>
                        </direct-mapping>
                    </import-flow>
                </import-flows>
                <import-flows mv-attribute="SPS-PhoneticLastName" type="ranked">
                    <import-flow src-ma="{B7E2CB7A-53E4-40E3-B7FB-DEA880F16212}" cd-object-type="user" id="{EF173271-4FDC-45F8-9E76-7DB70AB46A8E}">
                        <direct-mapping>
                            <src-attribute>msDS-PhoneticLastName</src-attribute>
                        </direct-mapping>
                    </import-flow>
                </import-flows>
                <import-flows mv-attribute="msDS-SourceObjectDN" type="ranked">
                    <import-flow src-ma="{B7E2CB7A-53E4-40E3-B7FB-DEA880F16212}" cd-object-type="user" id="{57EAF223-63D9-491F-81F5-5534EFEA207A}">
                        <direct-mapping>
                            <src-attribute>msDS-SourceObjectDN</src-attribute>
                        </direct-mapping>
                    </import-flow>
                </import-flows>
                <import-flows mv-attribute="department" type="ranked">
                    <import-flow src-ma="{B7E2CB7A-53E4-40E3-B7FB-DEA880F16212}" cd-object-type="user" id="{759315F6-5DB4-4243-B3F7-840D58916872}">
                        <direct-mapping>
                            <src-attribute>department</src-attribute>
                        </direct-mapping>
                    </import-flow>
                </import-flows>
                <import-flows mv-attribute="wWWHomePage" type="ranked">
                    <import-flow src-ma="{B7E2CB7A-53E4-40E3-B7FB-DEA880F16212}" cd-object-type="user" id="{006DD1C4-29C1-4C22-8418-52D73378F970}">
                        <direct-mapping>
                            <src-attribute>wWWHomePage</src-attribute>
                        </direct-mapping>
                    </import-flow>
                </import-flows>
                <import-flows mv-attribute="SPS-SipAddress" type="ranked">
                    <import-flow src-ma="{B7E2CB7A-53E4-40E3-B7FB-DEA880F16212}" cd-object-type="user" id="{70698EA9-1F9B-4994-B8C2-F30C0D03CF1D}">
                        <scripted-mapping>
                            <src-attribute>proxyAddresses</src-attribute>
                            <script-context>ProxyAddressesToSipAddress:proxyAddresses,SPS-SipAddress</script-context>
                        </scripted-mapping>
                    </import-flow>
                </import-flows>
                <import-flows mv-attribute="photo" type="ranked">
                    <import-flow src-ma="{B7E2CB7A-53E4-40E3-B7FB-DEA880F16212}" cd-object-type="user" id="{79A7CF42-5475-4426-95B4-37AE8A4C5338}">
                        <direct-mapping>
                            <src-attribute>thumbnailPhoto</src-attribute>
                        </direct-mapping>
                    </import-flow>
                </import-flows>
            </import-flow-set>
            <import-flow-set mv-object-type="group">
                <import-flows mv-attribute="displayName" type="ranked">
                    <import-flow src-ma="{B7E2CB7A-53E4-40E3-B7FB-DEA880F16212}" cd-object-type="group" id="{25C35153-3B1A-426A-9F68-A907D5ADC382}">
                        <direct-mapping>
                            <src-attribute>displayName</src-attribute>
                        </direct-mapping>
                    </import-flow>
                </import-flows>
                <import-flows mv-attribute="objectSid" type="ranked">
                    <import-flow src-ma="{B7E2CB7A-53E4-40E3-B7FB-DEA880F16212}" cd-object-type="group" id="{D21C4D3C-426B-4E84-9B1B-4F9D90A2D900}">
                        <direct-mapping>
                            <src-attribute>objectSid</src-attribute>
                        </direct-mapping>
                    </import-flow>
                </import-flows>
                <import-flows mv-attribute="member" type="ranked">
                    <import-flow src-ma="{B7E2CB7A-53E4-40E3-B7FB-DEA880F16212}" cd-object-type="group" id="{02FE114A-7D19-496A-8352-3BCE579C0585}">
                        <direct-mapping>
                            <src-attribute>member</src-attribute>
                        </direct-mapping>
                    </import-flow>
                </import-flows>
                <import-flows mv-attribute="distinguishedName" type="ranked">
                    <import-flow src-ma="{B7E2CB7A-53E4-40E3-B7FB-DEA880F16212}" cd-object-type="group" id="{2AA71645-A496-4C9B-A6DE-5FD017A87A3C}">
                        <direct-mapping>
                            <src-attribute intrinsic="true">dn</src-attribute>
                        </direct-mapping>
                    </import-flow>
                </import-flows>
                <import-flows mv-attribute="url" type="ranked">
                    <import-flow src-ma="{B7E2CB7A-53E4-40E3-B7FB-DEA880F16212}" cd-object-type="group" id="{AA54E50B-5A0A-4847-A267-0B2AECD25A8D}">
                        <direct-mapping>
                            <src-attribute>url</src-attribute>
                        </direct-mapping>
                    </import-flow>
                </import-flows>
                <import-flows mv-attribute="mail" type="ranked">
                    <import-flow src-ma="{B7E2CB7A-53E4-40E3-B7FB-DEA880F16212}" cd-object-type="group" id="{06B5C46A-1EB9-4679-ADBE-8DD6B080ED55}">
                        <direct-mapping>
                            <src-attribute>mail</src-attribute>
                        </direct-mapping>
                    </import-flow>
                </import-flows>
                <import-flows mv-attribute="description" type="ranked">
                    <import-flow src-ma="{B7E2CB7A-53E4-40E3-B7FB-DEA880F16212}" cd-object-type="group" id="{94E13A4F-D030-4EE6-9F42-942BF1A5775E}">
                        <direct-mapping>
                            <src-attribute>description</src-attribute>
                        </direct-mapping>
                    </import-flow>
                </import-flows>
                <import-flows mv-attribute="groupType" type="ranked">
                    <import-flow src-ma="{B7E2CB7A-53E4-40E3-B7FB-DEA880F16212}" cd-object-type="group" id="{AEC17743-423B-481F-BA7C-6E266D91634C}">
                        <direct-mapping>
                            <src-attribute>groupType</src-attribute>
                        </direct-mapping>
                    </import-flow>
                </import-flows>
            </import-flow-set>
            <import-flow-set mv-object-type="domain">
                <import-flows mv-attribute="dc" type="ranked">
                    <import-flow src-ma="{B7E2CB7A-53E4-40E3-B7FB-DEA880F16212}" cd-object-type="domainDNS" id="{A497F5D8-1B1D-4E5E-940E-F15F7B713504}">
                        <direct-mapping>
                            <src-attribute>name</src-attribute>
                        </direct-mapping>
                    </import-flow>
                </import-flows>
                <import-flows mv-attribute="type" type="ranked">
                    <import-flow src-ma="{B7E2CB7A-53E4-40E3-B7FB-DEA880F16212}" cd-object-type="domainDNS" id="{B00ECB49-F107-4B50-B328-6AE51340E4AB}">
                        <constant-mapping>
                            <constant-value>DomainInfo</constant-value>
                        </constant-mapping>
                    </import-flow>
                </import-flows>
                <import-flows mv-attribute="distinguishedName" type="ranked">
                    <import-flow src-ma="{B7E2CB7A-53E4-40E3-B7FB-DEA880F16212}" cd-object-type="domainDNS" id="{0049D4FD-DC6D-4541-A503-A18D2D6A44C9}">
                        <direct-mapping>
                            <src-attribute intrinsic="true">dn</src-attribute>
                        </direct-mapping>
                    </import-flow>
                </import-flows>
            </import-flow-set>
            <import-flow-set mv-object-type="crossref">
                <import-flows mv-attribute="nCName" type="ranked">
                    <import-flow src-ma="{B7E2CB7A-53E4-40E3-B7FB-DEA880F16212}" cd-object-type="crossRef" id="{53C04913-CDFC-40EA-B1F4-DC7F9ED5B670}">
                        <scripted-mapping>
                            <src-attribute>nCName</src-attribute>
                            <script-context>ConvertToString:nCName,nCName</script-context>
                        </scripted-mapping>
                    </import-flow>
                </import-flows>
                <import-flows mv-attribute="nETBiosName" type="ranked">
                    <import-flow src-ma="{B7E2CB7A-53E4-40E3-B7FB-DEA880F16212}" cd-object-type="crossRef" id="{8AD2AEF5-30C2-4E35-943F-F1EE43BAF2E1}">
                        <direct-mapping>
                            <src-attribute>nETBIOSName</src-attribute>
                        </direct-mapping>
                    </import-flow>
                </import-flows>
                <import-flows mv-attribute="SPS-ObjectExists" type="ranked">
                    <import-flow src-ma="{B7E2CB7A-53E4-40E3-B7FB-DEA880F16212}" cd-object-type="crossRef" id="{AA9B074A-51FF-4929-9BAE-9CF29B20ADE9}">
                        <constant-mapping>
                            <constant-value>1</constant-value>
                        </constant-mapping>
                    </import-flow>
                </import-flows>
            </import-flow-set>
            <import-flow-set mv-object-type="contact">
                <import-flows mv-attribute="msDS-SourceObjectDN" type="ranked">
                    <import-flow src-ma="{B7E2CB7A-53E4-40E3-B7FB-DEA880F16212}" cd-object-type="user" id="{BF890E44-5959-43F7-B280-15B8B9D0685C}">
                        <direct-mapping>
                            <src-attribute>msDS-SourceObjectDN</src-attribute>
                        </direct-mapping>
                    </import-flow>
                </import-flows>
                <import-flows mv-attribute="displayName" type="ranked">
                    <import-flow src-ma="{B7E2CB7A-53E4-40E3-B7FB-DEA880F16212}" cd-object-type="user" id="{7C7B447D-EB87-4598-A594-9DDE39F38BFC}">
                        <direct-mapping>
                            <src-attribute>displayName</src-attribute>
                        </direct-mapping>
                    </import-flow>
                </import-flows>
                <import-flows mv-attribute="sAMAccountName" type="ranked">
                    <import-flow src-ma="{B7E2CB7A-53E4-40E3-B7FB-DEA880F16212}" cd-object-type="user" id="{AC769887-C328-4D51-8334-39BBED5F2B0E}">
                        <direct-mapping>
                            <src-attribute>sAMAccountName</src-attribute>
                        </direct-mapping>
                    </import-flow>
                </import-flows>
                <import-flows mv-attribute="distinguishedName" type="ranked">
                    <import-flow src-ma="{B7E2CB7A-53E4-40E3-B7FB-DEA880F16212}" cd-object-type="user" id="{FE8173EC-5611-4FD6-A238-879468592898}">
                        <direct-mapping>
                            <src-attribute intrinsic="true">dn</src-attribute>
                        </direct-mapping>
                    </import-flow>
                </import-flows>
                <import-flows mv-attribute="SPS-ObjectExists" type="ranked">
                    <import-flow src-ma="{B7E2CB7A-53E4-40E3-B7FB-DEA880F16212}" cd-object-type="user" id="{4BE77304-8DA4-4771-A867-98D911DA3C6A}">
                        <constant-mapping>
                            <constant-value>1</constant-value>
                        </constant-mapping>
                    </import-flow>
                </import-flows>
                <import-flows mv-attribute="accountName" type="ranked">
                    <import-flow src-ma="{B7E2CB7A-53E4-40E3-B7FB-DEA880F16212}" cd-object-type="user" id="{B9037E34-7BAF-4DAE-BF94-13F2DB4C3688}">
                        <direct-mapping>
                            <src-attribute>sAMAccountName</src-attribute>
                        </direct-mapping>
                    </import-flow>
                </import-flows>
            </import-flow-set>
            <per-ma-options>
                <ma-options ma-id="{B7E2CB7A-53E4-40E3-B7FB-DEA880F16212}">
                    <enable-recall>true</enable-recall>
                </ma-options>
                <ma-options ma-id="{E61541A3-2869-44B8-9E32-32C746EAB16F}">
                    <enable-recall>true</enable-recall>
                </ma-options>
            </per-ma-options>
        </import-attribute-flow>
        <provisioning type="scripted" />
        <mv-deletion>
            <mv-deletion-rule mv-object-type="person" id="{6FFE4898-B4F9-40A8-8C81-55B116550AA7}" type="declared-any">
                <src-ma>{B7E2CB7A-53E4-40E3-B7FB-DEA880F16212}</src-ma>
            </mv-deletion-rule>
            <mv-deletion-rule mv-object-type="group" id="{15DE88BD-8AA3-4F31-8146-27BC7763FFB7}" type="declared-any">
                <src-ma>{B7E2CB7A-53E4-40E3-B7FB-DEA880F16212}</src-ma>
            </mv-deletion-rule>
        </mv-deletion>
        <extension>
            <assembly-name>SharePointSynchronization.dll</assembly-name>
            <application-protection>low</application-protection>
        </extension>
        <password-change-history-size>24</password-change-history-size>
        <password-sync>
            <password-sync-enabled>0</password-sync-enabled>
        </password-sync>
    </mv-data>
</saved-mv-configuration>
